path,title,modul,kategoria,alkalmazas,cluster,risk,fr_count,fr_codes
EXCMD/2026-05-20_2026-06-01_modulfejlesztes_kodrevizio_javitasi_terv.md,2026.05.20-2026.06.01 modulfejlesztes kodrevizio es javitasi terv,2026-05-20_2026-06-01_modulfejlesztes_kodrevizio_javitasi_terv,business,penztar-client,business,Magas,0,
EXCMD/2026-06-01_audit-verifikacio-eredmeny.md,2026-06-01 — Audit-verifikáció eredménye (a 2026-05-20…06-01 modulfejlesztés zárása),2026-06-01_audit-verifikacio-eredmeny,business,penztar-client,business,Magas,0,
EXCMD/2026-06-02_tranzakcio_keszlet_allampolgarsag_savos_arfolyam_kezelesi_dij_audit_javitasi_utasitas.md,2026-06-02 tranzakciós hibák - tényalapú kódaudit és javítási utasítás,2026-06-02_tranzakcio_keszlet_allampolgarsag_savos_arfolyam_kezelesi_dij_audit_javitasi_utasitas,business,penztar-client,business,Magas,0,
EXCMD/_compare/00-KONSZOLIDALT-GAPS.md,Konszolidált gap-backlog — EXCMD spec ↔ jelenlegi program,00-KONSZOLIDALT-GAPS,business,penztar-client,business,Magas,0,
EXCMD/_compare/02-TELJES-LEFEDETTSEG-DISPOZICIO.md,Teljes forrás-lefedettség diszpozíció (416 fájl → 160 egyedi),02-TELJES-LEFEDETTSEG-DISPOZICIO,business,penztar-client,business,Magas,0,
EXCMD/_compare/2026-06-02-media-module-content-extracts.md,Modulonkénti OCR/ASR kivonat (2026-06-02),2026-06-02-media-module-content-extracts,business,penztar-client,business,Kozepes,0,
EXCMD/_compare/2026-06-02-media-processing-pass.md,Automatikus Média-Feldolgozó Passz (2026-06-02),2026-06-02-media-processing-pass,business,penztar-client,business,Kozepes,0,
EXCMD/_compare/2026-06-02-source-truth-revalidation.md,Source-of-Truth Revalidáció (2026-06-02),2026-06-02-source-truth-revalidation,business,penztar-client,business,Alacsony,0,
EXCMD/_compare/c1-rfm-rate.md,C1 — RFM (Árfolyamkészítő) spec ↔ kód összevetés,c1-rfm-rate,business,penztar-client,business,Magas,0,
EXCMD/_compare/c2-sztorno-zaras.md,C2 — Sztornó + Zárás szakaszonkénti összevetés (spec ↔ kód),c2-sztorno-zaras,business,penztar-client,business,Magas,0,
EXCMD/_compare/c3-foglalo-bizonylat-engedely.md,C3 összevetés — Foglaló (b4-foglalo) + Bizonylatok (b4-bizonylatok) + Engedélyezés-adatok (b3),c3-foglalo-bizonylat-engedely,business,penztar-client,business,Magas,0,
EXCMD/_compare/c4-menu-penztarmuveletek.md,C4 — Menü + pénztárműveletek: EXCMD-spec vs tényleges kód összevetés,c4-menu-penztarmuveletek,business,penztar-client,business,Magas,0,
EXCMD/_compare/c5-beallitas-munkavallalo-compliance.md,C5 összevetés — Beállítások (b6) + Munkavállaló-nyilvántartás (b9) + Körlevelek/compliance (b9),c5-beallitas-munkavallalo-compliance,business,penztar-client,business,Magas,0,
EXCMD/_compare/c6-igenyfelmeres-riportok.md,C6 — Igényfelmérés + Riportok: EXCMD spec vs. tényleges kód,c6-igenyfelmeres-riportok,business,penztar-client,business,Magas,0,
EXCMD/_inventory/00-coverage-map.md,Felmérés/Valuta — fájl-leltár + lefedettség-térkép,00-coverage-map,business,penztar-client,business,Magas,0,
EXCMD/_inventory/01-dedup-finding.md,"Dedup-felfedezés — a 287 ""primer"" valós egyedi tartalma (2026-05-22)",01-dedup-finding,business,penztar-client,business,Kozepes,0,
EXCMD/AI-fejlesztesi-protokoll.md,AI fejlesztesi protokoll (EXCMD alapu),AI-fejlesztesi-protokoll,business,penztar-client,business,Magas,0,
EXCMD/b1-arfolyamkeszito-kepernyok.md,Árfolyamkészítő (RFM) — Képernyők,b1-arfolyamkeszito-kepernyok,arfolyamkeszito,arfolyam-keszito-client,business,Magas,24,FR-RFMUI-01;FR-RFMUI-02;FR-RFMUI-03;FR-RFMUI-04;FR-RFMUI-05;FR-RFMUI-06;FR-RFMUI-07;FR-RFMUI-08;FR-RFMUI-09;FR-RFMUI-10;FR-RFMUI-11;FR-RFMUI-12;FR-RFMUI-13;FR-RFMUI-14;FR-RFMUI-15;FR-RFMUI-16;FR-RFMUI-17;FR-RFMUI-18;FR-RFMUI-19;FR-RFMUI-20;FR-RFMUI-21;FR-RFMUI-22;FR-RFMUI-23;FR-RFMUI-24
EXCMD/b1-arfolyamkeszito-kovetelmenylista.md,Modul: Árfolyamkészítő (RFM) — Követelménylista,b1-arfolyamkeszito-kovetelmenylista,business,penztar-client,business,Magas,30,FR-RFM-01;FR-RFM-02;FR-RFM-03;FR-RFM-04;FR-RFM-05;FR-RFM-06;FR-RFM-07;FR-RFM-08;FR-RFM-09;FR-RFM-10;FR-RFM-11;FR-RFM-12;FR-RFM-13;FR-RFM-14;FR-RFM-15;FR-RFM-16;FR-RFM-17;FR-RFM-18;FR-RFM-19;FR-RFM-20;FR-RFM-21;FR-RFM-22;FR-RFM-23;FR-RFM-24;FR-RFM-25;FR-RFM-26;FR-RFM-27;FR-RFM-28;FR-RFM-29;FR-RFM-30
EXCMD/b10-egyeb-nem-funkcionalis.md,"Modul: Egyéb nem-funkcionális források (szótárak, beosztás, licenc, infra, chat-zaj)",b10-egyeb-nem-funkcionalis,business,penztar-client,business,Magas,0,
EXCMD/b10-hardver-halozati-felmeres.md,Modul: Hardver- és hálózati felmérés,b10-hardver-halozati-felmeres,business,penztar-client,business,Magas,0,
EXCMD/b10-zalog-kulon-termek.md,Modul: EXPRESSZ ZÁLOG (zálogos külön termék) — forrás-katalógus,b10-zalog-kulon-termek,business,penztar-client,business,Magas,0,
EXCMD/b2-sztorno.md,Modul: Sztornókezelés,b2-sztorno,business,penztar-client,business,Magas,19,FR-SZT-01;FR-SZT-02;FR-SZT-03;FR-SZT-04;FR-SZT-05;FR-SZT-06;FR-SZT-07;FR-SZT-08;FR-SZT-09;FR-SZT-10;FR-SZT-11;FR-SZT-12;FR-SZT-13;FR-SZT-14;FR-SZT-15;FR-SZT-16;FR-SZT-17;FR-SZT-18;FR-SZT-19
EXCMD/b2-zaras-ablak.md,Modul: Zárás Ablak (zárás-wizard),b2-zaras-ablak,business,penztar-client,business,Magas,23,FR-ZAR-01;FR-ZAR-02;FR-ZAR-03;FR-ZAR-04;FR-ZAR-05;FR-ZAR-06;FR-ZAR-07;FR-ZAR-08;FR-ZAR-09;FR-ZAR-10;FR-ZAR-11;FR-ZAR-12;FR-ZAR-13;FR-ZAR-14;FR-ZAR-15;FR-ZAR-16;FR-ZAR-17;FR-ZAR-18;FR-ZAR-19;FR-ZAR-20;FR-ZAR-21;FR-ZAR-22;FR-ZAR-23
EXCMD/b2-zaras-kepernyok-bizonylatok.md,Zárás-képernyők és zárási bizonylatok (napi/dekád/havi/értéktári + címletezés),b2-zaras-kepernyok-bizonylatok,zaras,penztar-client,business,Magas,30,FR-ZARUI-01;FR-ZARUI-02;FR-ZARUI-03;FR-ZARUI-04;FR-ZARUI-05;FR-ZARUI-06;FR-ZARUI-07;FR-ZARUI-08;FR-ZARUI-09;FR-ZARUI-10;FR-ZARUI-11;FR-ZARUI-12;FR-ZARUI-13;FR-ZARUI-14;FR-ZARUI-15;FR-ZARUI-16;FR-ZARUI-17;FR-ZARUI-18;FR-ZARUI-19;FR-ZARUI-20;FR-ZARUI-21;FR-ZARUI-22;FR-ZARUI-23;FR-ZARUI-24;FR-ZARUI-25;FR-ZARUI-26;FR-ZARUI-27;FR-ZARUI-28;FR-ZARUI-29;FR-ZARUI-30
EXCMD/b3-arfolyam-karbantarto-hibalista.md,Modul: Árfolyam-karbantartó hibalista,b3-arfolyam-karbantarto-hibalista,business,penztar-client,business,Magas,19,FR-HL-01;FR-HL-02;FR-HL-03;FR-HL-04;FR-HL-05;FR-HL-06;FR-HL-07;FR-HL-08;FR-HL-09;FR-HL-10;FR-HL-11;FR-HL-12;FR-HL-13;FR-HL-14;FR-HL-15;FR-HL-16;FR-HL-17;FR-HL-18;FR-HL-19
EXCMD/b3-bank-api.md,Modul: Banki API integráció,b3-bank-api,business,penztar-client,business,Magas,2,FR-API-01;FR-API-02
EXCMD/b3-engedelyezes-adatok.md,Modul: Tranzakció-engedélyezéshez szükséges adatok,b3-engedelyezes-adatok,business,penztar-client,business,Magas,8,FR-AUTH-01;FR-AUTH-02;FR-AUTH-03;FR-AUTH-04;FR-AUTH-05;FR-AUTH-06;FR-AUTH-07;FR-AUTH-08
EXCMD/b3b-erb-egyedi-kotas.md,ERB Egyedi kötés (Raiffeisen bankkártyás szerződéskötési képernyő),b3b-erb-egyedi-kotas,bank-integracio,penztar-client,business,Magas,4,FR-ERB-01;FR-ERB-02;FR-ERB-03;FR-ERB-04
EXCMD/b4-bizonylatok.md,"Bizonylatok (forint átadás/átvétel, KKTG, pénztári bizonylatok)",b4-bizonylatok,bizonylatok,penztar-client,business,Magas,0,
EXCMD/b4-foglalo.md,Modul: Foglaló (ügyfél-előleg) felvétele és visszafizetése,b4-foglalo,business,penztar-client,business,Magas,0,
EXCMD/b5-fomenu.md,Modul: Régi Delphi valutaprogram — Főmenü struktúra,b5-fomenu,business,penztar-client,business,Magas,0,
EXCMD/b5-kezeles-cimletezes-engedelyezes.md,"Modul: Régi Delphi valutaprogram — Kezelési költség, címletezés, engedélyezés",b5-kezeles-cimletezes-engedelyezes,business,penztar-client,business,Magas,2,FR-KC-15;FR-KC-16
EXCMD/b5-penztar-mozgasok.md,Modul: Régi Delphi valutaprogram — Pénztárak közötti pénzmozgás,b5-penztar-mozgasok,business,penztar-client,business,Magas,0,
EXCMD/b5-penztarallas-listak.md,"Modul: Régi Delphi valutaprogram — Pénztárállás, bizonylat-szűrés, listák",b5-penztarallas-listak,business,penztar-client,business,Magas,0,
EXCMD/b5b-bizonylat-szures.md,Bizonylatok szűrése képernyő,b5b-bizonylat-szures,bizonylatok,penztar-client,business,Magas,5,FR-BSZUR-01;FR-BSZUR-02;FR-BSZUR-03;FR-BSZUR-04;FR-BSZUR-05
EXCMD/b6-beallitasok.md,Beállítások (jelszóval védett konfigurációs képernyők),b6-beallitasok,beallitasok,penztar-client,business,Magas,0,
EXCMD/b6b-egyeb-feladatok-menu.md,Egyéb feladatok menü (NAV pénztárgép + OTP POS + adatlapok),b6b-egyeb-feladatok-menu,penztar-muveletek,penztar-client,business,Magas,4,FR-EFM-01;FR-EFM-02;FR-EFM-03;FR-EFM-04
EXCMD/b7-fejlesztesi-lepesek-spec.md,Modul: Fejlesztesi lepesek + rendszerfunkciok + adatmodell-szabalyok (Valuta),b7-fejlesztesi-lepesek-spec,business,penztar-client,business,Magas,0,
EXCMD/b7-igenyfelmeres-interjuk.md,Modul: Igenyfelmeres es uzleti igenyek (Valuta),b7-igenyfelmeres-interjuk,business,penztar-client,business,Magas,0,
EXCMD/b7-uzemeltetes-megbeszeles.md,Modul: EXZ+EXV uzemeltetes es jelenlegi rendszer-architektura (Valuta),b7-uzemeltetes-megbeszeles,business,penztar-client,business,Magas,0,
EXCMD/b8-atadas-atvetel-wu-afa-kktg.md,"Modul: Átadás-átvétel, Western Union, ÁFA, kezelési költség, haszon",b8-atadas-atvetel-wu-afa-kktg,business,penztar-client,business,Magas,0,
EXCMD/b8-atlagarfolyam.md,Modul: Átlagárfolyam riport,b8-atlagarfolyam,business,penztar-client,business,Magas,0,
EXCMD/b8-forgalom-keszlet-riportok.md,Forgalmi és készlet riportok,b8-forgalom-keszlet-riportok,riportok,penztar-client,business,Magas,0,
EXCMD/b8-terrorlista-szankcios.md,Modul: Terror / szankciós lista,b8-terrorlista-szankcios,business,penztar-client,business,Magas,0,
EXCMD/b9-korlevelek-compliance.md,Modul: Körlevelek mint compliance/AML követelmény,b9-korlevelek-compliance,business,penztar-client,business,Magas,0,
EXCMD/b9-munkavallalo-nyilvantartas.md,Modul: Munkavállaló-nyilvántartás (dolgozói törzs),b9-munkavallalo-nyilvantartas,business,penztar-client,business,Magas,0,
EXCMD/ertektar_atadas_szallito_plomba_kodrevizio_javitasi_utasitas.md,"Ertektari atadas-atvetel - szallito es plombaszam kodrevizio, javitasi utasitas",ertektar_atadas_szallito_plomba_kodrevizio_javitasi_utasitas,business,penztar-client,business,Kozepes,0,
EXCMD/ertektar_felhasznalokezeles_google_oauth_szemelyes_belepes_kodaudit_javitasi_utasitas.md,Értéktári felhasználókezelés és személyes belépés - kódaudit és javítási utasítás,ertektar_felhasznalokezeles_google_oauth_szemelyes_belepes_kodaudit_javitasi_utasitas,business,penztar-client,business,Magas,0,
EXCMD/FK-007_ertektar_kartyan_valutanemek_kodaudit_javitasi_utasitas.md,FK-007 kódaudit és javítási utasítás,FK-007_ertektar_kartyan_valutanemek_kodaudit_javitasi_utasitas,business,penztar-client,business,Alacsony,0,
EXCMD/FK02-B_csoport_arfolyamlap_javitasok_findingok.md,"FK02-B Csoport Árfolyamlap - Audit, Findingok és Javítási Útmutató",FK02-B_csoport_arfolyamlap_javitasok_findingok,business,penztar-client,business,Magas,0,
EXCMD/FK02-C_irodak_lista_szures_kodrevizio_es_javitasi_utasitas.md,FK02-C - Irodák listájának szűrése: kódrevízió és javítási utasítás,FK02-C_irodak_lista_szures_kodrevizio_es_javitasi_utasitas,business,penztar-client,business,Magas,0,
EXCMD/legacy/00-VALUTA-modul-terkep.md,Anti / VALUTA legacy modul-térkép (primer forrás: a tényleges .dpr/.pas fájlrendszer),00-VALUTA-modul-terkep,legacy-overview,penztar-client,legacy-overview,Magas,0,
EXCMD/legacy/01-ANTI-osszegzes.md,Anti legacy feldolgozás — konszolidált összegzés (primer forrásból),01-ANTI-osszegzes,legacy-overview,penztar-client,legacy-overview,Magas,0,
EXCMD/legacy/02-ARFOLYAM-binaris-visszafejtes.md,Anti / ARFOLYAM (árfolyamkészítő) — bináris-visszafejtésből nyert tudás,02-ARFOLYAM-binaris-visszafejtes,legacy-overview,penztar-client,legacy-overview,Magas,0,
EXCMD/legacy/03-FELDOLGOZAS-KESZ.md,"Anti-Legacy teljes feldolgozás — KÉSZ (egy sprint, autonóm, bináris mélységig)",03-FELDOLGOZAS-KESZ,legacy-overview,penztar-client,legacy-overview,Magas,0,
EXCMD/legacy/04-ERTEKTAR-SZERVER-modul-terkep.md,ERTEKTAR + SZERVER legacy alrendszer modul-térkép,04-ERTEKTAR-SZERVER-modul-terkep,legacy-overview,penztar-client,legacy-overview,Magas,0,
EXCMD/legacy/05-TELJES-FORRAS-LEFEDETTSEG.md,Anti-Legacy — TELJES forrás-lefedettség (minden .dpr modulnak van MD-je),05-TELJES-FORRAS-LEFEDETTSEG,legacy-overview,penztar-client,legacy-overview,Kozepes,0,
EXCMD/legacy/06-FEJLESZT-VERIFIKACIO-EREDMENY.md,SZERVER/fejleszt (174 modul) verifikáció a jelenlegi kód ellen — eredmény,06-FEJLESZT-VERIFIKACIO-EREDMENY,legacy-overview,penztar-client,legacy-overview,Magas,0,
EXCMD/legacy/modules/_BASEDLL.md,Legacy modul: _BASEDLL,_BASEDLL,legacy-valuta,penztar-client,legacy-valuta,Kozepes,0,
EXCMD/legacy/modules/ADATLAP.md,Legacy modul (VALUTA): ADATLAP,ADATLAP,legacy-valuta,penztar-client,legacy-valuta,Kozepes,0,
EXCMD/legacy/modules/AFATABLA.md,Legacy modul (VALUTA): AFATABLA,AFATABLA,legacy-valuta,penztar-client,legacy-valuta,Kozepes,0,
EXCMD/legacy/modules/ARFDISP.md,Legacy modul (VALUTA): ARFDISP,ARFDISP,legacy-valuta,penztar-client,legacy-valuta,Magas,0,
EXCMD/legacy/modules/ARFREG.md,Legacy modul (VALUTA): ARFREG,ARFREG,legacy-valuta,penztar-client,legacy-valuta,Alacsony,0,
EXCMD/legacy/modules/ARFTMK.md,Legacy modul (VALUTA): ARFTMK,ARFTMK,legacy-valuta,penztar-client,legacy-valuta,Magas,0,
EXCMD/legacy/modules/ARFVALT.md,Legacy modul: ARFVALT,ARFVALT,legacy-valuta,penztar-client,legacy-valuta,Kozepes,0,
EXCMD/legacy/modules/ATADOLAP.md,Legacy modul: ATADOLAP,ATADOLAP,legacy-valuta,penztar-client,legacy-valuta,Magas,0,
EXCMD/legacy/modules/ATADVET.md,Legacy modul: ATADVET,ATADVET,legacy-valuta,penztar-client,legacy-valuta,Magas,0,
EXCMD/legacy/modules/BIGARFVALT.md,Legacy modul: BIGARFVALT,BIGARFVALT,legacy-valuta,penztar-client,legacy-valuta,Alacsony,0,
EXCMD/legacy/modules/BIGCTRL.md,Legacy modul: BIGCTRL,BIGCTRL,legacy-valuta,penztar-client,legacy-valuta,Kozepes,0,
EXCMD/legacy/modules/BIZODISP.md,Legacy modul: BIZODISP,BIZODISP,legacy-valuta,penztar-client,legacy-valuta,Alacsony,0,
EXCMD/legacy/modules/BLOKNYOM.md,Legacy modul: BLOKNYOM,BLOKNYOM,legacy-valuta,penztar-client,legacy-valuta,Magas,0,
EXCMD/legacy/modules/CHECKLST.md,Legacy modul: CHECKLST,CHECKLST,legacy-valuta,penztar-client,legacy-valuta,Alacsony,0,
EXCMD/legacy/modules/CIMLCTRL.md,Legacy modul: CIMLCTRL,CIMLCTRL,legacy-valuta,penztar-client,legacy-valuta,Kozepes,0,
EXCMD/legacy/modules/CIMLET.md,Legacy modul: CIMLET,CIMLET,legacy-valuta,penztar-client,legacy-valuta,Kozepes,0,
EXCMD/legacy/modules/CIMLMENU.md,Legacy modul: CIMLMENU,CIMLMENU,legacy-valuta,penztar-client,legacy-valuta,Kozepes,0,
EXCMD/legacy/modules/CIMLNYOM.md,Legacy modul: CIMLNYOM,CIMLNYOM,legacy-valuta,penztar-client,legacy-valuta,Kozepes,0,
EXCMD/legacy/modules/CIMSETUP.md,Legacy modul: CIMSETUP,CIMSETUP,legacy-valuta,penztar-client,legacy-valuta,Kozepes,0,
EXCMD/legacy/modules/CONFIDEN.md,Legacy modul: CONFIDEN,CONFIDEN,legacy-valuta,penztar-client,legacy-valuta,Kozepes,0,
EXCMD/legacy/modules/CONFIRM.md,Legacy modul: CONFIRM,CONFIRM,legacy-valuta,penztar-client,legacy-valuta,Kozepes,0,
EXCMD/legacy/modules/COPY2FTP.md,Legacy modul: COPY2FTP,COPY2FTP,legacy-valuta,penztar-client,legacy-valuta,Kozepes,0,
EXCMD/legacy/modules/DEKRUTIN.md,Legacy modul: DEKRUTIN,DEKRUTIN,legacy-valuta,penztar-client,legacy-valuta,Kozepes,0,
EXCMD/legacy/modules/DOCDISP.md,Legacy modul: DOCDISP,DOCDISP,legacy-valuta,penztar-client,legacy-valuta,Alacsony,0,
EXCMD/legacy/modules/ELADAS.md,Legacy modul: ELADAS,ELADAS,legacy-valuta,penztar-client,legacy-valuta,Magas,0,
EXCMD/legacy/modules/ESTIZAR.md,Legacy modul: ESTIZAR,ESTIZAR,legacy-valuta,penztar-client,legacy-valuta,Kozepes,0,
EXCMD/legacy/modules/EUAKCIO.md,Legacy modul: EUAKCIO,EUAKCIO,legacy-valuta,penztar-client,legacy-valuta,Kozepes,0,
EXCMD/legacy/modules/FIRSTCTRL.md,Legacy modul: FIRSTCTRL,FIRSTCTRL,legacy-valuta,penztar-client,legacy-valuta,Kozepes,0,
EXCMD/legacy/modules/FNYUJSAG.md,Legacy modul: FNYUJSAG,FNYUJSAG,legacy-valuta,penztar-client,legacy-valuta,Kozepes,0,
EXCMD/legacy/modules/FOGLALO.md,Legacy modul: FOGLALO,FOGLALO,legacy-valuta,penztar-client,legacy-valuta,Kozepes,0,
EXCMD/legacy/modules/FOGLREND.md,Legacy modul: FOGLREND,FOGLREND,legacy-valuta,penztar-client,legacy-valuta,Magas,0,
EXCMD/legacy/modules/FORGOSSZ.md,Legacy modul: FORGOSSZ,FORGOSSZ,legacy-valuta,penztar-client,legacy-valuta,Kozepes,0,
EXCMD/legacy/modules/GEPSETUP.md,Legacy modul: GEPSETUP,GEPSETUP,legacy-valuta,penztar-client,legacy-valuta,Magas,0,
EXCMD/legacy/modules/GETARF.md,Legacy modul: GETARF,GETARF,legacy-valuta,penztar-client,legacy-valuta,Magas,0,
EXCMD/legacy/modules/GETENGED.md,Legacy modul: GETENGED,GETENGED,legacy-valuta,penztar-client,legacy-valuta,Kozepes,0,
EXCMD/legacy/modules/GETFIZE.md,Legacy modul: GETFIZE,GETFIZE,legacy-valuta,penztar-client,legacy-valuta,Magas,0,
EXCMD/legacy/modules/GETISO.md,Legacy modul: GETISO,GETISO,legacy-valuta,penztar-client,legacy-valuta,Kozepes,0,
EXCMD/legacy/modules/GETNYUGT.md,Legacy modul: GETNYUGT,GETNYUGT,legacy-valuta,penztar-client,legacy-valuta,Kozepes,0,
EXCMD/legacy/modules/GETPLOMB.md,Legacy modul: GETPLOMB,GETPLOMB,legacy-valuta,penztar-client,legacy-valuta,Kozepes,0,
EXCMD/legacy/modules/GETPTAR.md,Legacy modul: GETPTAR,GETPTAR,legacy-valuta,penztar-client,legacy-valuta,Kozepes,0,
EXCMD/legacy/modules/GETSTATUS.md,Legacy modul: GETSTATUS,GETSTATUS,legacy-valuta,penztar-client,legacy-valuta,Kozepes,0,
EXCMD/legacy/modules/GETWCEG.md,Legacy modul: GETWCEG,GETWCEG,legacy-valuta,penztar-client,legacy-valuta,Kozepes,0,
EXCMD/legacy/modules/GETWUGYF.md,Legacy modul: GETWUGYF,GETWUGYF,legacy-valuta,penztar-client,legacy-valuta,Kozepes,0,
EXCMD/legacy/modules/GONGBACK.md,Legacy modul: GONGBACK,GONGBACK,legacy-valuta,penztar-client,legacy-valuta,Kozepes,0,
EXCMD/legacy/modules/HAVIZAR.md,Legacy modul: HAVIZAR,HAVIZAR,legacy-valuta,penztar-client,legacy-valuta,Alacsony,0,
EXCMD/legacy/modules/HRKATADO.md,Legacy modul: HRKATADO,HRKATADO,legacy-valuta,penztar-client,legacy-valuta,Magas,0,
EXCMD/legacy/modules/HRKZARO.md,Legacy modul: HRKZARO,HRKZARO,legacy-valuta,penztar-client,legacy-valuta,Magas,0,
EXCMD/legacy/modules/IBVALTO.md,Legacy modul (VALUTA): IBVALTO,IBVALTO,legacy-valuta,penztar-client,legacy-valuta,Alacsony,0,
EXCMD/legacy/modules/IDOSZAK.md,Legacy modul: IDOSZAK,IDOSZAK,legacy-valuta,penztar-client,legacy-valuta,Kozepes,0,
EXCMD/legacy/modules/KCIMLET.md,Legacy modul: KCIMLET,KCIMLET,legacy-valuta,penztar-client,legacy-valuta,Magas,0,
EXCMD/legacy/modules/KELLCIM.md,Legacy modul: KELLCIM,KELLCIM,legacy-valuta,penztar-client,legacy-valuta,Kozepes,0,
EXCMD/legacy/modules/KESZEDIT.md,Legacy modul: KESZEDIT,KESZEDIT,legacy-valuta,penztar-client,legacy-valuta,Magas,0,
EXCMD/legacy/modules/KESZUP.md,Legacy modul: KESZUP,KESZUP,legacy-valuta,penztar-client,legacy-valuta,Kozepes,0,
EXCMD/legacy/modules/KEZDEKAD.md,Legacy modul: KEZDEKAD,KEZDEKAD,legacy-valuta,penztar-client,legacy-valuta,Kozepes,0,
EXCMD/legacy/modules/KEZDIJ.md,Legacy modul: KEZDIJ,KEZDIJ,legacy-valuta,penztar-client,legacy-valuta,Kozepes,0,
EXCMD/legacy/modules/KEZDKEDV.md,Legacy modul: KEZDKEDV,KEZDKEDV,legacy-valuta,penztar-client,legacy-valuta,Kozepes,0,
EXCMD/legacy/modules/KISARFVALT.md,Legacy modul: KISARFVALT,KISARFVALT,legacy-valuta,penztar-client,legacy-valuta,Kozepes,0,
EXCMD/legacy/modules/KISCIMLET.md,Legacy modul: KISCIMLET,KISCIMLET,legacy-valuta,penztar-client,legacy-valuta,Magas,0,
EXCMD/legacy/modules/KISUGYFEL.md,Legacy modul: KISUGYFEL,KISUGYFEL,legacy-valuta,penztar-client,legacy-valuta,Alacsony,0,
EXCMD/legacy/modules/KORLEV.md,Legacy modul: KORLEV,KORLEV,legacy-valuta,penztar-client,legacy-valuta,Alacsony,0,
EXCMD/legacy/modules/LISTAK.md,Legacy modul: LISTAK,LISTAK,legacy-valuta,penztar-client,legacy-valuta,Magas,0,
EXCMD/legacy/modules/LOGDISP.md,Legacy modul: LOGDISP,LOGDISP,legacy-valuta,penztar-client,legacy-valuta,Kozepes,0,
EXCMD/legacy/modules/LOGIRO.md,Legacy modul: LOGIRO,LOGIRO,legacy-valuta,penztar-client,legacy-valuta,Kozepes,0,
EXCMD/legacy/modules/MAIFORG.md,Legacy modul: MAIFORG,MAIFORG,legacy-valuta,penztar-client,legacy-valuta,Alacsony,0,
EXCMD/legacy/modules/MAKTABLAK.md,Legacy modul: MAKTABLAK,MAKTABLAK,legacy-valuta,penztar-client,legacy-valuta,Kozepes,0,
EXCMD/legacy/modules/MATPTAR.md,Legacy modul: MATPTAR,MATPTAR,legacy-valuta,penztar-client,legacy-valuta,Kozepes,0,
EXCMD/legacy/modules/MATREGEN.md,Legacy modul: MATREGEN,MATREGEN,legacy-valuta,penztar-client,legacy-valuta,Kozepes,0,
EXCMD/legacy/modules/MENTES.md,Legacy modul: MENTES,MENTES,legacy-valuta,penztar-client,legacy-valuta,Kozepes,0,
EXCMD/legacy/modules/METRO.md,Legacy modul: METRO,METRO,legacy-valuta,penztar-client,legacy-valuta,Kozepes,0,
EXCMD/legacy/modules/NAPIFORG.md,Legacy modul: NAPIFORG,NAPIFORG,legacy-valuta,penztar-client,legacy-valuta,Kozepes,0,
EXCMD/legacy/modules/NAPIJEL.md,Legacy modul: NAPIJEL,NAPIJEL,legacy-valuta,penztar-client,legacy-valuta,Alacsony,0,
EXCMD/legacy/modules/NAPIKEZD.md,Legacy modul: NAPIKEZD,NAPIKEZD,legacy-valuta,penztar-client,legacy-valuta,Kozepes,0,
EXCMD/legacy/modules/NAPKONYV.md,Legacy modul: NAPKONYV,NAPKONYV,legacy-valuta,penztar-client,legacy-valuta,Kozepes,0,
EXCMD/legacy/modules/NAPZAR.md,Legacy modul: NAPZAR,NAPZAR,legacy-valuta,penztar-client,legacy-valuta,Kozepes,0,
EXCMD/legacy/modules/NAVZARO.md,Legacy modul: NAVZARO,NAVZARO,legacy-valuta,penztar-client,legacy-valuta,Kozepes,0,
EXCMD/legacy/modules/NZNYOMT.md,Legacy modul: NZNYOMT,NZNYOMT,legacy-valuta,penztar-client,legacy-valuta,Magas,0,
EXCMD/legacy/modules/OTHERTSK.md,Legacy modul: OTHERTSK,OTHERTSK,legacy-valuta,penztar-client,legacy-valuta,Kozepes,0,
EXCMD/legacy/modules/OTP.md,Legacy modul: OTP,OTP,legacy-valuta,penztar-client,legacy-valuta,Kozepes,0,
EXCMD/legacy/modules/OTPLOG.md,Legacy modul: OTPLOG,OTPLOG,legacy-valuta,penztar-client,legacy-valuta,Kozepes,0,
EXCMD/legacy/modules/PAUSDISP.md,Legacy modul: PAUSDISP,PAUSDISP,legacy-valuta,penztar-client,legacy-valuta,Alacsony,0,
EXCMD/legacy/modules/PILLALL.md,Legacy modul: PILLALL,PILLALL,legacy-valuta,penztar-client,legacy-valuta,Magas,0,
EXCMD/legacy/modules/PILLKESZ.md,Legacy modul: PILLKESZ,PILLKESZ,legacy-valuta,penztar-client,legacy-valuta,Kozepes,0,
EXCMD/legacy/modules/PROCEND.md,Legacy modul: PROCEND,PROCEND,legacy-valuta,penztar-client,legacy-valuta,Kozepes,0,
EXCMD/legacy/modules/PROSBE.md,Legacy modul: PROSBE,PROSBE,legacy-valuta,penztar-client,legacy-valuta,Alacsony,0,
EXCMD/legacy/modules/PROSKI.md,Legacy modul: PROSKI,PROSKI,legacy-valuta,penztar-client,legacy-valuta,Kozepes,0,
EXCMD/legacy/modules/PROSTMK.md,Legacy modul: PROSTMK,PROSTMK,legacy-valuta,penztar-client,legacy-valuta,Alacsony,0,
EXCMD/legacy/modules/PTARKESZ.md,Legacy modul: PTARKESZ,PTARKESZ,legacy-valuta,penztar-client,legacy-valuta,Alacsony,0,
EXCMD/legacy/modules/PTARTMK.md,Legacy modul: PTARTMK,PTARTMK,legacy-valuta,penztar-client,legacy-valuta,Kozepes,0,
EXCMD/legacy/modules/QRDEPUTY.md,Legacy modul: QRDEPUTY,QRDEPUTY,legacy-valuta,penztar-client,legacy-valuta,Alacsony,0,
EXCMD/legacy/modules/QRGENER.md,Legacy modul: QRGENER,QRGENER,legacy-valuta,penztar-client,legacy-valuta,Alacsony,0,
EXCMD/legacy/modules/QUITFORM.md,Legacy modul: QUITFORM,QUITFORM,legacy-valuta,penztar-client,legacy-valuta,Kozepes,0,
EXCMD/legacy/modules/REGEN.md,Legacy modul: REGEN,REGEN,legacy-valuta,penztar-client,legacy-valuta,Magas,0,
EXCMD/legacy/modules/REGIZARO.md,Legacy modul: REGIZARO,REGIZARO,legacy-valuta,penztar-client,legacy-valuta,Kozepes,0,
EXCMD/legacy/modules/SCANNING.md,Legacy modul: SCANNING,SCANNING,legacy-valuta,penztar-client,legacy-valuta,Kozepes,0,
EXCMD/legacy/modules/SENDOKMANY.md,Legacy modul: SENDOKMANY,SENDOKMANY,legacy-valuta,penztar-client,legacy-valuta,Kozepes,0,
EXCMD/legacy/modules/SETRATE.md,Legacy modul: SETRATE,SETRATE,legacy-valuta,penztar-client,legacy-valuta,Kozepes,0,
EXCMD/legacy/modules/STORNO.md,Legacy modul: STORNO,STORNO,legacy-valuta,penztar-client,legacy-valuta,Magas,0,
EXCMD/legacy/modules/SUPER.md,Legacy modul: SUPER,SUPER,legacy-valuta,penztar-client,legacy-valuta,Kozepes,0,
EXCMD/legacy/modules/SUPERTSK.md,Legacy modul: SUPERTSK,SUPERTSK,legacy-valuta,penztar-client,legacy-valuta,Alacsony,0,
EXCMD/legacy/modules/TEAOR.md,Legacy modul: TEAOR,TEAOR,legacy-valuta,penztar-client,legacy-valuta,Kozepes,0,
EXCMD/legacy/modules/TERMINAL.md,Legacy modul: TERMINAL,TERMINAL,legacy-valuta,penztar-client,legacy-valuta,Kozepes,0,
EXCMD/legacy/modules/TERROR.md,Legacy modul: TERROR,TERROR,legacy-valuta,penztar-client,legacy-valuta,Kozepes,0,
EXCMD/legacy/modules/TESCO.md,Legacy modul: TESCO,TESCO,legacy-valuta,penztar-client,legacy-valuta,Kozepes,0,
EXCMD/legacy/modules/TRADE.md,Legacy modul: TRADE (kereskedési / díj alrendszer),TRADE,legacy-valuta,penztar-client,legacy-valuta,Magas,0,
EXCMD/legacy/modules/UGYFEL.md,Legacy modul: UGYFEL,UGYFEL,legacy-valuta,penztar-client,legacy-valuta,Alacsony,0,
EXCMD/legacy/modules/UGYFELTMK.md,Legacy modul: UGYFELTMK,UGYFELTMK,legacy-valuta,penztar-client,legacy-valuta,Kozepes,0,
EXCMD/legacy/modules/UJSCANNER.md,Legacy modul: UJSCANNER,UJSCANNER,legacy-valuta,penztar-client,legacy-valuta,Kozepes,0,
EXCMD/legacy/modules/VASARLAS.md,Legacy modul: VASARLAS,VASARLAS,legacy-valuta,penztar-client,legacy-valuta,Magas,0,
EXCMD/legacy/modules/VERZFRIS.md,Legacy modul: VERZFRIS,VERZFRIS,legacy-valuta,penztar-client,legacy-valuta,Alacsony,0,
EXCMD/legacy/modules/WUNION.md,Legacy modul: WUNION,WUNION,legacy-valuta,penztar-client,legacy-valuta,Kozepes,0,
EXCMD/legacy/modules/XTRANZ.md,Legacy modul: XTRANZ,XTRANZ,legacy-valuta,penztar-client,legacy-valuta,Kozepes,0,
EXCMD/legacy/modules-arfolyam/00-INDEX.md,ARFOLYAM (árfolyamkészítő) — VALÓDI forrás modul-MD-k,00-INDEX,legacy-arfolyam,penztar-client,legacy-arfolyam,Alacsony,0,
EXCMD/legacy/modules-arfolyam/TAdatBetoltes.md,Legacy modul (ARFOLYAM / árfolyamkészítő): TAdatBetoltes,TAdatBetoltes,legacy-arfolyam,penztar-client,legacy-arfolyam,Kozepes,0,
EXCMD/legacy/modules-arfolyam/TAdatSzetkuldes.md,Legacy modul (ARFOLYAM / árfolyamkészítő): TAdatSzetkuldes,TAdatSzetkuldes,legacy-arfolyam,penztar-client,legacy-arfolyam,Kozepes,0,
EXCMD/legacy/modules-arfolyam/TALAPLAP.md,Legacy modul (ARFOLYAM / árfolyamkészítő): TALAPLAP,TALAPLAP,legacy-arfolyam,penztar-client,legacy-arfolyam,Kozepes,0,
EXCMD/legacy/modules-arfolyam/TARFDATAIRAS.md,Legacy modul (ARFOLYAM / árfolyamkészítő): TARFDATAIRAS,TARFDATAIRAS,legacy-arfolyam,penztar-client,legacy-arfolyam,Kozepes,0,
EXCMD/legacy/modules-arfolyam/TCSOPORTDISPLAY.md,Legacy modul (ARFOLYAM / árfolyamkészítő): TCSOPORTDISPLAY,TCSOPORTDISPLAY,legacy-arfolyam,penztar-client,legacy-arfolyam,Alacsony,0,
EXCMD/legacy/modules-arfolyam/TForm1.md,Legacy modul (ARFOLYAM / árfolyamkészítő): TForm1,TForm1,legacy-arfolyam,penztar-client,legacy-arfolyam,Kozepes,0,
EXCMD/legacy/modules-arfolyam/TGetFuggveny.md,Legacy modul (ARFOLYAM / árfolyamkészítő): TGetFuggveny,TGetFuggveny,legacy-arfolyam,penztar-client,legacy-arfolyam,Kozepes,0,
EXCMD/legacy/modules-arfolyam/THELPFORM.md,Legacy modul (ARFOLYAM / árfolyamkészítő): THELPFORM,THELPFORM,legacy-arfolyam,penztar-client,legacy-arfolyam,Kozepes,0,
EXCMD/legacy/modules-arfolyam/THOVAMASOLJAK.md,Legacy modul (ARFOLYAM / árfolyamkészítő): THOVAMASOLJAK,THOVAMASOLJAK,legacy-arfolyam,penztar-client,legacy-arfolyam,Alacsony,0,
EXCMD/legacy/modules-arfolyam/TINTERNETBONGESZO.md,Legacy modul (ARFOLYAM / árfolyamkészítő): TINTERNETBONGESZO,TINTERNETBONGESZO,legacy-arfolyam,penztar-client,legacy-arfolyam,Kozepes,0,
EXCMD/legacy/modules-arfolyam/TINTERNETTMKFORM.md,Legacy modul (ARFOLYAM / árfolyamkészítő): TINTERNETTMKFORM,TINTERNETTMKFORM,legacy-arfolyam,penztar-client,legacy-arfolyam,Alacsony,0,
EXCMD/legacy/modules-arfolyam/TIRODANEVLISTA.md,Legacy modul (ARFOLYAM / árfolyamkészítő): TIRODANEVLISTA,TIRODANEVLISTA,legacy-arfolyam,penztar-client,legacy-arfolyam,Alacsony,0,
EXCMD/legacy/modules-arfolyam/TLIMITALLITOFORM.md,Legacy modul (ARFOLYAM / árfolyamkészítő): TLIMITALLITOFORM,TLIMITALLITOFORM,legacy-arfolyam,penztar-client,legacy-arfolyam,Kozepes,0,
EXCMD/legacy/modules-arfolyam/TMUNKAFORM.md,Legacy modul (ARFOLYAM / árfolyamkészítő): TMUNKAFORM,TMUNKAFORM,legacy-arfolyam,penztar-client,legacy-arfolyam,Alacsony,0,
EXCMD/legacy/modules-arfolyam/TNyomtatoForm.md,Legacy modul (ARFOLYAM / árfolyamkészítő): TNyomtatoForm,TNyomtatoForm,legacy-arfolyam,penztar-client,legacy-arfolyam,Kozepes,0,
EXCMD/legacy/modules-arfolyam/TZOLDMENU.md,Legacy modul (ARFOLYAM / árfolyamkészítő): TZOLDMENU,TZOLDMENU,legacy-arfolyam,penztar-client,legacy-arfolyam,Kozepes,0,
EXCMD/legacy/modules-ertektar/ARFTMK.md,Legacy modul (ÉRTÉKTÁR): ARFTMK,ARFTMK,legacy-ertektar,penztar-client,legacy-ertektar,Magas,0,
EXCMD/legacy/modules-ertektar/ATADOLAP.md,Legacy modul (ÉRTÉKTÁR): ATADOLAP,ATADOLAP,legacy-ertektar,penztar-client,legacy-ertektar,Magas,0,
EXCMD/legacy/modules-ertektar/ATADVET.md,Legacy modul (ÉRTÉKTÁR): ATADVET,ATADVET,legacy-ertektar,penztar-client,legacy-ertektar,Magas,0,
EXCMD/legacy/modules-ertektar/BIZODISP.md,Legacy modul (ÉRTÉKTÁR): BIZODISP,BIZODISP,legacy-ertektar,penztar-client,legacy-ertektar,Magas,0,
EXCMD/legacy/modules-ertektar/BLOKNYOM.md,Legacy modul (ÉRTÉKTÁR): BLOKNYOM,BLOKNYOM,legacy-ertektar,penztar-client,legacy-ertektar,Magas,0,
EXCMD/legacy/modules-ertektar/CHECKLST.md,Legacy modul (ÉRTÉKTÁR): CHECKLST,CHECKLST,legacy-ertektar,penztar-client,legacy-ertektar,Alacsony,0,
EXCMD/legacy/modules-ertektar/CIMLCTRL.md,Legacy modul (ÉRTÉKTÁR): CIMLCTRL,CIMLCTRL,legacy-ertektar,penztar-client,legacy-ertektar,Kozepes,0,
EXCMD/legacy/modules-ertektar/CIMLET.md,Legacy modul (ÉRTÉKTÁR): CIMLET,CIMLET,legacy-ertektar,penztar-client,legacy-ertektar,Magas,0,
EXCMD/legacy/modules-ertektar/CIMLMENU.md,Legacy modul (ÉRTÉKTÁR): CIMLMENU,CIMLMENU,legacy-ertektar,penztar-client,legacy-ertektar,Kozepes,0,
EXCMD/legacy/modules-ertektar/CIMLNYOM.md,Legacy modul (ÉRTÉKTÁR): CIMLNYOM,CIMLNYOM,legacy-ertektar,penztar-client,legacy-ertektar,Kozepes,0,
EXCMD/legacy/modules-ertektar/CIMSETUP.md,Legacy modul (ÉRTÉKTÁR): CIMSETUP,CIMSETUP,legacy-ertektar,penztar-client,legacy-ertektar,Kozepes,0,
EXCMD/legacy/modules-ertektar/ESTIZAR.md,Legacy modul (ÉRTÉKTÁR): ESTIZAR,ESTIZAR,legacy-ertektar,penztar-client,legacy-ertektar,Kozepes,0,
EXCMD/legacy/modules-ertektar/GETARF.md,Legacy modul (ÉRTÉKTÁR): GETARF,GETARF,legacy-ertektar,penztar-client,legacy-ertektar,Magas,0,
EXCMD/legacy/modules-ertektar/GETELLEN.md,Legacy modul (ÉRTÉKTÁR): GETELLEN **[ÉRTÉKTÁR-EGYEDI — nincs VALUTA megfelelő]**,GETELLEN,legacy-ertektar,penztar-client,legacy-ertektar,Kozepes,0,
EXCMD/legacy/modules-ertektar/GETPLOMB.md,Legacy modul (ÉRTÉKTÁR): GETPLOMB,GETPLOMB,legacy-ertektar,penztar-client,legacy-ertektar,Kozepes,0,
EXCMD/legacy/modules-ertektar/GETPTAR.md,Legacy modul (ÉRTÉKTÁR): GETPTAR,GETPTAR,legacy-ertektar,penztar-client,legacy-ertektar,Kozepes,0,
EXCMD/legacy/modules-ertektar/HAVIZAR.md,Legacy modul (ÉRTÉKTÁR): HAVIZAR,HAVIZAR,legacy-ertektar,penztar-client,legacy-ertektar,Alacsony,0,
EXCMD/legacy/modules-ertektar/HRKATVEVO.md,Legacy modul (ÉRTÉKTÁR): HRKATVEVO **[ÉRTÉKTÁR-EGYEDI — nincs VALUTA megfelelő]**,HRKATVEVO,legacy-ertektar,penztar-client,legacy-ertektar,Magas,0,
EXCMD/legacy/modules-ertektar/HRKCIMLET.md,Legacy modul (ÉRTÉKTÁR): HRKCIMLET **[ÉRTÉKTÁR-EGYEDI — nincs VALUTA megfelelő]**,HRKCIMLET,legacy-ertektar,penztar-client,legacy-ertektar,Kozepes,0,
EXCMD/legacy/modules-ertektar/IDOSZAK.md,Legacy modul (ÉRTÉKTÁR): IDOSZAK,IDOSZAK,legacy-ertektar,penztar-client,legacy-ertektar,Kozepes,0,
EXCMD/legacy/modules-ertektar/IRARFOLY.md,Legacy modul (ÉRTÉKTÁR): IRARFOLY **[ÉRTÉKTÁR-EGYEDI — nincs VALUTA megfelelő]**,IRARFOLY,legacy-ertektar,penztar-client,legacy-ertektar,Magas,0,
EXCMD/legacy/modules-ertektar/KCIMLET.md,Legacy modul (ÉRTÉKTÁR): KCIMLET,KCIMLET,legacy-ertektar,penztar-client,legacy-ertektar,Magas,0,
EXCMD/legacy/modules-ertektar/KESZEDIT.md,Legacy modul (ÉRTÉKTÁR): KESZEDIT,KESZEDIT,legacy-ertektar,penztar-client,legacy-ertektar,Magas,0,
EXCMD/legacy/modules-ertektar/KESZUP.md,Legacy modul (ÉRTÉKTÁR): KESZUP,KESZUP,legacy-ertektar,penztar-client,legacy-ertektar,Kozepes,0,
EXCMD/legacy/modules-ertektar/KEZDIJ.md,Legacy modul (ÉRTÉKTÁR): KEZDIJ,KEZDIJ,legacy-ertektar,penztar-client,legacy-ertektar,Magas,0,
EXCMD/legacy/modules-ertektar/KORLEV.md,Legacy modul (ÉRTÉKTÁR): KORLEV,KORLEV,legacy-ertektar,penztar-client,legacy-ertektar,Alacsony,0,
EXCMD/legacy/modules-ertektar/LISTAK.md,Legacy modul (ÉRTÉKTÁR): LISTAK,LISTAK,legacy-ertektar,penztar-client,legacy-ertektar,Magas,0,
EXCMD/legacy/modules-ertektar/LOGDISP.md,Legacy modul (ÉRTÉKTÁR): LOGDISP,LOGDISP,legacy-ertektar,penztar-client,legacy-ertektar,Kozepes,0,
EXCMD/legacy/modules-ertektar/LOGIRO.md,Legacy modul (ÉRTÉKTÁR): LOGIRO,LOGIRO,legacy-ertektar,penztar-client,legacy-ertektar,Kozepes,0,
EXCMD/legacy/modules-ertektar/MAKTABLAK.md,Legacy modul (ÉRTÉKTÁR): MAKTABLAK,MAKTABLAK,legacy-ertektar,penztar-client,legacy-ertektar,Kozepes,0,
EXCMD/legacy/modules-ertektar/MATPTAR.md,Legacy modul (ÉRTÉKTÁR): MATPTAR,MATPTAR,legacy-ertektar,penztar-client,legacy-ertektar,Magas,0,
EXCMD/legacy/modules-ertektar/MENTES.md,Legacy modul (ÉRTÉKTÁR): MENTES,MENTES,legacy-ertektar,penztar-client,legacy-ertektar,Kozepes,0,
EXCMD/legacy/modules-ertektar/NAPIJEL.md,Legacy modul (ÉRTÉKTÁR): NAPIJEL,NAPIJEL,legacy-ertektar,penztar-client,legacy-ertektar,Kozepes,0,
EXCMD/legacy/modules-ertektar/NAPIKEZD.md,Legacy modul (ÉRTÉKTÁR): NAPIKEZD,NAPIKEZD,legacy-ertektar,penztar-client,legacy-ertektar,Kozepes,0,
EXCMD/legacy/modules-ertektar/NAPKONYV.md,Legacy modul (ÉRTÉKTÁR): NAPKONYV,NAPKONYV,legacy-ertektar,penztar-client,legacy-ertektar,Kozepes,0,
EXCMD/legacy/modules-ertektar/NAPZAR.md,Legacy modul (ÉRTÉKTÁR): NAPZAR,NAPZAR,legacy-ertektar,penztar-client,legacy-ertektar,Kozepes,0,
EXCMD/legacy/modules-ertektar/NIFVAL.md,Legacy modul (ÉRTÉKTÁR): NIFVAL **[ÉRTÉKTÁR-EGYEDI — nincs VALUTA megfelelő]**,NIFVAL,legacy-ertektar,penztar-client,legacy-ertektar,Alacsony,0,
EXCMD/legacy/modules-ertektar/NZNYOMT.md,Legacy modul (ÉRTÉKTÁR): NZNYOMT,NZNYOMT,legacy-ertektar,penztar-client,legacy-ertektar,Magas,0,
EXCMD/legacy/modules-ertektar/PENZTARAK.md,Legacy modul (ÉRTÉKTÁR): PENZTARAK **[ÉRTÉKTÁR-EGYEDI — nincs VALUTA megfelelő]**,PENZTARAK,legacy-ertektar,penztar-client,legacy-ertektar,Kozepes,0,
EXCMD/legacy/modules-ertektar/PICTLOAD.md,Legacy modul (ÉRTÉKTÁR): PICTLOAD **[ÉRTÉKTÁR-EGYEDI — nincs VALUTA megfelelő]**,PICTLOAD,legacy-ertektar,penztar-client,legacy-ertektar,Kozepes,0,
EXCMD/legacy/modules-ertektar/PILLALL.md,Legacy modul (ÉRTÉKTÁR): PILLALL,PILLALL,legacy-ertektar,penztar-client,legacy-ertektar,Magas,0,
EXCMD/legacy/modules-ertektar/PILLKESZ.md,Legacy modul (ÉRTÉKTÁR): PILLKESZ,PILLKESZ,legacy-ertektar,penztar-client,legacy-ertektar,Kozepes,0,
EXCMD/legacy/modules-ertektar/PROSBE.md,Legacy modul (ÉRTÉKTÁR): PROSBE,PROSBE,legacy-ertektar,penztar-client,legacy-ertektar,Alacsony,0,
EXCMD/legacy/modules-ertektar/PROSTMK.md,Legacy modul (ÉRTÉKTÁR): PROSTMK,PROSTMK,legacy-ertektar,penztar-client,legacy-ertektar,Alacsony,0,
EXCMD/legacy/modules-ertektar/PTARKESZ.md,Legacy modul (ÉRTÉKTÁR): PTARKESZ,PTARKESZ,legacy-ertektar,penztar-client,legacy-ertektar,Alacsony,0,
EXCMD/legacy/modules-ertektar/PTARTMK.md,Legacy modul (ÉRTÉKTÁR): PTARTMK,PTARTMK,legacy-ertektar,penztar-client,legacy-ertektar,Kozepes,0,
EXCMD/legacy/modules-ertektar/QUITFORM.md,Legacy modul (ÉRTÉKTÁR): QUITFORM,QUITFORM,legacy-ertektar,penztar-client,legacy-ertektar,Kozepes,0,
EXCMD/legacy/modules-ertektar/RATECTRL.md,Legacy modul (ÉRTÉKTÁR): RATECTRL **[ÉRTÉKTÁR-EGYEDI — nincs VALUTA megfelelő]**,RATECTRL,legacy-ertektar,penztar-client,legacy-ertektar,Kozepes,0,
EXCMD/legacy/modules-ertektar/RATEPERM.md,Legacy modul (ÉRTÉKTÁR): RATEPERM **[ÉRTÉKTÁR-EGYEDI — nincs VALUTA megfelelő]**,RATEPERM,legacy-ertektar,penztar-client,legacy-ertektar,Magas,0,
EXCMD/legacy/modules-ertektar/REGEN.md,Legacy modul (ÉRTÉKTÁR): REGEN,REGEN,legacy-ertektar,penztar-client,legacy-ertektar,Kozepes,0,
EXCMD/legacy/modules-ertektar/REGIZARO.md,Legacy modul (ÉRTÉKTÁR): REGIZARO,REGIZARO,legacy-ertektar,penztar-client,legacy-ertektar,Kozepes,0,
EXCMD/legacy/modules-ertektar/STORNO.md,Legacy modul (ÉRTÉKTÁR): STORNO,STORNO,legacy-ertektar,penztar-client,legacy-ertektar,Magas,0,
EXCMD/legacy/modules-ertektar/SUPER.md,Legacy modul (ÉRTÉKTÁR): SUPER,SUPER,legacy-ertektar,penztar-client,legacy-ertektar,Kozepes,0,
EXCMD/legacy/modules-ertektar/SUPERTSK.md,Legacy modul (ÉRTÉKTÁR): SUPERTSK,SUPERTSK,legacy-ertektar,penztar-client,legacy-ertektar,Kozepes,0,
EXCMD/legacy/modules-ertektar/TERMINAL.md,Legacy modul (ÉRTÉKTÁR): TERMINAL,TERMINAL,legacy-ertektar,penztar-client,legacy-ertektar,Kozepes,0,
EXCMD/legacy/modules-ertektar/WUNION.md,Legacy modul (ÉRTÉKTÁR): WUNION,WUNION,legacy-ertektar,penztar-client,legacy-ertektar,Magas,0,
EXCMD/legacy/modules-szerver/ADATGYUJTO.md,Legacy modul (SZERVER): ADATGYUJTO,ADATGYUJTO,legacy-szerver,penztar-client,legacy-szerver,Magas,0,
EXCMD/legacy/modules-szerver/ARFTMK.md,Legacy modul (SZERVER): ARFTMK,ARFTMK,legacy-szerver,penztar-client,legacy-szerver,Kozepes,0,
EXCMD/legacy/modules-szerver/ATLAGARF.md,Legacy modul (SZERVER): ATLAGARF,ATLAGARF,legacy-szerver,penztar-client,legacy-szerver,Kozepes,0,
EXCMD/legacy/modules-szerver/BANKFORG.md,Legacy modul (SZERVER): BANKFORG,BANKFORG,legacy-szerver,penztar-client,legacy-szerver,Magas,0,
EXCMD/legacy/modules-szerver/BEERKCTRL.md,Legacy modul (SZERVER): BEERKCTRL,BEERKCTRL,legacy-szerver,penztar-client,legacy-szerver,Kozepes,0,
EXCMD/legacy/modules-szerver/BEERKEZES.md,Legacy modul (SZERVER): BEERKEZES,BEERKEZES,legacy-szerver,penztar-client,legacy-szerver,Kozepes,0,
EXCMD/legacy/modules-szerver/BEJELENTES.md,Legacy modul (SZERVER): BEJELENTES,BEJELENTES,legacy-szerver,penztar-client,legacy-szerver,Alacsony,0,
EXCMD/legacy/modules-szerver/DATADISP.md,Legacy modul (SZERVER): DATADISP,DATADISP,legacy-szerver,penztar-client,legacy-szerver,Magas,0,
EXCMD/legacy/modules-szerver/DBOOKCTRL.md,Legacy modul (SZERVER): DBOOKCTRL,DBOOKCTRL,legacy-szerver,penztar-client,legacy-szerver,Kozepes,0,
EXCMD/legacy/modules-szerver/DOLGOZOK.md,Legacy modul (SZERVER): DOLGOZOK,DOLGOZOK,legacy-szerver,penztar-client,legacy-szerver,Kozepes,0,
EXCMD/legacy/modules-szerver/FORGALOMDISP.md,Legacy modul (SZERVER): FORGALOMDISP,FORGALOMDISP,legacy-szerver,penztar-client,legacy-szerver,Magas,0,
EXCMD/legacy/modules-szerver/GETDISP.md,Legacy modul (SZERVER): GETDISP,GETDISP,legacy-szerver,penztar-client,legacy-szerver,Magas,0,
EXCMD/legacy/modules-szerver/GETUZLET.md,Legacy modul (SZERVER): GETUZLET,GETUZLET,legacy-szerver,penztar-client,legacy-szerver,Alacsony,0,
EXCMD/legacy/modules-szerver/HOVALASZ.md,Legacy modul (SZERVER): HOVALASZ,HOVALASZ,legacy-szerver,penztar-client,legacy-szerver,Kozepes,0,
EXCMD/legacy/modules-szerver/HRKSERVER.md,Legacy modul (SZERVER): HRKSERVER,HRKSERVER,legacy-szerver,penztar-client,legacy-szerver,Kozepes,0,
EXCMD/legacy/modules-szerver/IDOSZAK.md,Legacy modul (SZERVER): IDOSZAK,IDOSZAK,legacy-szerver,penztar-client,legacy-szerver,Kozepes,0,
EXCMD/legacy/modules-szerver/IMPORT.md,Legacy modul (SZERVER): IMPORT,IMPORT,legacy-szerver,penztar-client,legacy-szerver,Magas,0,
EXCMD/legacy/modules-szerver/IRTMK.md,Legacy modul (SZERVER): IRTMK,IRTMK,legacy-szerver,penztar-client,legacy-szerver,Magas,0,
EXCMD/legacy/modules-szerver/JUTSZAMITO.md,Legacy modul (SZERVER): JUTSZAMITO,JUTSZAMITO,legacy-szerver,penztar-client,legacy-szerver,Alacsony,0,
EXCMD/legacy/modules-szerver/JUTSZAZALEK.md,Legacy modul (SZERVER): JUTSZAZALEK,JUTSZAZALEK,legacy-szerver,penztar-client,legacy-szerver,Kozepes,0,
EXCMD/legacy/modules-szerver/KESZLETDISP.md,Legacy modul (SZERVER): KESZLETDISP,KESZLETDISP,legacy-szerver,penztar-client,legacy-szerver,Kozepes,0,
EXCMD/legacy/modules-szerver/KEZDIJ.md,Legacy modul (SZERVER): KEZDIJ,KEZDIJ,legacy-szerver,penztar-client,legacy-szerver,Kozepes,0,
EXCMD/legacy/modules-szerver/KEZDTRANZDISP.md,Legacy modul (SZERVER): KEZDTRANZDISP,KEZDTRANZDISP,legacy-szerver,penztar-client,legacy-szerver,Kozepes,0,
EXCMD/legacy/modules-szerver/MNBGYUJTO.md,Legacy modul (SZERVER): MNBGYUJTO,MNBGYUJTO,legacy-szerver,penztar-client,legacy-szerver,Kozepes,0,
EXCMD/legacy/modules-szerver/MNBHIBAK.md,Legacy modul (SZERVER): MNBHIBAK,MNBHIBAK,legacy-szerver,penztar-client,legacy-szerver,Alacsony,0,
EXCMD/legacy/modules-szerver/PTARKOZOTT.md,Legacy modul (SZERVER): PTARKOZOTT,PTARKOZOTT,legacy-szerver,penztar-client,legacy-szerver,Kozepes,0,
EXCMD/legacy/modules-szerver/STORNODISP.md,Legacy modul (SZERVER): STORNODISP,STORNODISP,legacy-szerver,penztar-client,legacy-szerver,Magas,0,
EXCMD/legacy/modules-szerver/SUMWUAFA.md,Legacy modul (SZERVER): SUMWUAFA,SUMWUAFA,legacy-szerver,penztar-client,legacy-szerver,Kozepes,0,
EXCMD/legacy/modules-szerver/TRANZAKC.md,Legacy modul (SZERVER): TRANZAKC,TRANZAKC,legacy-szerver,penztar-client,legacy-szerver,Kozepes,0,
EXCMD/legacy/modules-szerver/TRBDISP.md,Legacy modul (SZERVER): TRBDISP,TRBDISP,legacy-szerver,penztar-client,legacy-szerver,Kozepes,0,
EXCMD/legacy/modules-szerver/UNPACKER.md,Legacy modul (SZERVER): UNPACKER,UNPACKER,legacy-szerver,penztar-client,legacy-szerver,Kozepes,0,
EXCMD/legacy/modules-szerver/USERBELEP.md,Legacy modul (SZERVER): USERBELEP,USERBELEP,legacy-szerver,penztar-client,legacy-szerver,Kozepes,0,
EXCMD/legacy/modules-szerver/WESTERN.md,Legacy modul (SZERVER): WESTERN,WESTERN,legacy-szerver,penztar-client,legacy-szerver,Kozepes,0,
EXCMD/legacy/modules-szerver/WUAFATRANZ.md,Legacy modul (SZERVER): WUAFATRANZ,WUAFATRANZ,legacy-szerver,penztar-client,legacy-szerver,Kozepes,0,
EXCMD/legacy/modules-szerver/WUNIDISP.md,Legacy modul (SZERVER): WUNIDISP,WUNIDISP,legacy-szerver,penztar-client,legacy-szerver,Kozepes,0,
EXCMD/legacy/modules-szerver/ZARASCTRL.md,Legacy modul (SZERVER): ZARASCTRL,ZARASCTRL,legacy-szerver,penztar-client,legacy-szerver,Kozepes,0,
EXCMD/legacy/modules-szerver-fejleszt/_ARFTESZT.md,Legacy modul (SZERVER-FEJLESZT): _ARFTESZT,_ARFTESZT,legacy-szerver-fejlesztes,penztar-client,legacy-szerver-fejlesztes,Alacsony,0,
EXCMD/legacy/modules-szerver-fejleszt/_NAPIFORG.md,Legacy modul (SZERVER-FEJLESZT): _NAPIFORG,_NAPIFORG,legacy-szerver-fejlesztes,penztar-client,legacy-szerver-fejlesztes,Kozepes,0,
EXCMD/legacy/modules-szerver-fejleszt/ACVERSNY.md,Legacy modul (SZERVER-FEJLESZT mély): ACVERSNY,ACVERSNY,legacy-szerver-fejlesztes,penztar-client,legacy-szerver-fejlesztes,Kozepes,0,
EXCMD/legacy/modules-szerver-fejleszt/ADATPOTLO.md,Legacy modul (SZERVER-FEJLESZT mély): ADATPOTLO,ADATPOTLO,legacy-szerver-fejlesztes,penztar-client,legacy-szerver-fejlesztes,Kozepes,0,
EXCMD/legacy/modules-szerver-fejleszt/ADVETEX.md,Legacy modul (SZERVER-FEJLESZT mély): ADVETEX,ADVETEX,legacy-szerver-fejlesztes,penztar-client,legacy-szerver-fejlesztes,Kozepes,0,
EXCMD/legacy/modules-szerver-fejleszt/AKTKESZ.md,Legacy modul (SZERVER-FEJLESZT mély): AKTKESZ,AKTKESZ,legacy-szerver-fejlesztes,penztar-client,legacy-szerver-fejlesztes,Alacsony,0,
EXCMD/legacy/modules-szerver-fejleszt/ALTIB.md,Legacy modul (SZERVER-FEJLESZT mély): ALTIB,ALTIB,legacy-szerver-fejlesztes,penztar-client,legacy-szerver-fejlesztes,Alacsony,0,
EXCMD/legacy/modules-szerver-fejleszt/ARCHIVAL.md,Legacy modul (SZERVER-FEJLESZT): ARCHIVAL,ARCHIVAL,legacy-szerver-fejlesztes,penztar-client,legacy-szerver-fejlesztes,Kozepes,0,
EXCMD/legacy/modules-szerver-fejleszt/ARFOLYAM.md,Legacy modul (SZERVER-FEJLESZT): ARFOLYAM,ARFOLYAM,legacy-szerver-fejlesztes,penztar-client,legacy-szerver-fejlesztes,Alacsony,0,
EXCMD/legacy/modules-szerver-fejleszt/BANKDISP.md,Legacy modul (SZERVER-FEJLESZT mély): BANKDISP,BANKDISP,legacy-szerver-fejlesztes,penztar-client,legacy-szerver-fejlesztes,Magas,0,
EXCMD/legacy/modules-szerver-fejleszt/BANKLIST.md,Legacy modul (SZERVER-FEJLESZT): BANKLIST,BANKLIST,legacy-szerver-fejlesztes,penztar-client,legacy-szerver-fejlesztes,Magas,0,
EXCMD/legacy/modules-szerver-fejleszt/BEERK.md,Legacy modul (SZERVER-FEJLESZT mély): BEERK,BEERK,legacy-szerver-fejlesztes,penztar-client,legacy-szerver-fejlesztes,Kozepes,0,
EXCMD/legacy/modules-szerver-fejleszt/BESZAM.md,Legacy modul (SZERVER-FEJLESZT): BESZAM,BESZAM,legacy-szerver-fejlesztes,penztar-client,legacy-szerver-fejlesztes,Kozepes,0,
EXCMD/legacy/modules-szerver-fejleszt/BOOKING.md,Legacy modul (SZERVER-FEJLESZT): BOOKING,BOOKING,legacy-szerver-fejlesztes,penztar-client,legacy-szerver-fejlesztes,Kozepes,0,
EXCMD/legacy/modules-szerver-fejleszt/CONFI.md,Legacy modul (SZERVER-FEJLESZT mély): CONFI,CONFI,legacy-szerver-fejlesztes,penztar-client,legacy-szerver-fejlesztes,Kozepes,0,
EXCMD/legacy/modules-szerver-fejleszt/CONFIDENT.md,Legacy modul (SZERVER-FEJLESZT): CONFIDENT,CONFIDENT,legacy-szerver-fejlesztes,penztar-client,legacy-szerver-fejlesztes,Alacsony,0,
EXCMD/legacy/modules-szerver-fejleszt/DBCTRL.md,Legacy modul (SZERVER-FEJLESZT mély): DBCTRL,DBCTRL,legacy-szerver-fejlesztes,penztar-client,legacy-szerver-fejlesztes,Kozepes,0,
EXCMD/legacy/modules-szerver-fejleszt/DEKAD.md,Legacy modul (SZERVER-FEJLESZT mély): DEKAD,DEKAD,legacy-szerver-fejlesztes,penztar-client,legacy-szerver-fejlesztes,Kozepes,0,
EXCMD/legacy/modules-szerver-fejleszt/DOLGJUTALEK.md,Legacy modul (SZERVER-FEJLESZT mély): DOLGJUTALEK,DOLGJUTALEK,legacy-szerver-fejlesztes,penztar-client,legacy-szerver-fejlesztes,Alacsony,0,
EXCMD/legacy/modules-szerver-fejleszt/ELECTRAD.md,Legacy modul (SZERVER-FEJLESZT mély): ELECTRAD,ELECTRAD,legacy-szerver-fejlesztes,penztar-client,legacy-szerver-fejlesztes,Alacsony,0,
EXCMD/legacy/modules-szerver-fejleszt/ETRADE.md,Legacy modul (SZERVER-FEJLESZT): ETRADE,ETRADE,legacy-szerver-fejlesztes,penztar-client,legacy-szerver-fejlesztes,Kozepes,0,
EXCMD/legacy/modules-szerver-fejleszt/EUSAKCIO.md,Legacy modul (SZERVER-FEJLESZT mély): EUSAKCIO,EUSAKCIO,legacy-szerver-fejlesztes,penztar-client,legacy-szerver-fejlesztes,Kozepes,0,
EXCMD/legacy/modules-szerver-fejleszt/EVERSENY.md,Legacy modul (SZERVER-FEJLESZT): EVERSENY,EVERSENY,legacy-szerver-fejlesztes,penztar-client,legacy-szerver-fejlesztes,Kozepes,0,
EXCMD/legacy/modules-szerver-fejleszt/EVIMAX.md,Legacy modul (SZERVER-FEJLESZT mély): EVIMAX,EVIMAX,legacy-szerver-fejlesztes,penztar-client,legacy-szerver-fejlesztes,Kozepes,0,
EXCMD/legacy/modules-szerver-fejleszt/EVITRANZ.md,Legacy modul (SZERVER-FEJLESZT): EVITRANZ,EVITRANZ,legacy-szerver-fejlesztes,penztar-client,legacy-szerver-fejlesztes,Kozepes,0,
EXCMD/legacy/modules-szerver-fejleszt/EVNYITO.md,Legacy modul (SZERVER-FEJLESZT): EVNYITO,EVNYITO,legacy-szerver-fejlesztes,penztar-client,legacy-szerver-fejlesztes,Kozepes,0,
EXCMD/legacy/modules-szerver-fejleszt/EXPADVET.md,Legacy modul (SZERVER-FEJLESZT): EXPADVET,EXPADVET,legacy-szerver-fejlesztes,penztar-client,legacy-szerver-fejlesztes,Kozepes,0,
EXCMD/legacy/modules-szerver-fejleszt/EXPEVNYITO.md,Legacy modul (SZERVER-FEJLESZT): EXPEVNYITO,EXPEVNYITO,legacy-szerver-fejlesztes,penztar-client,legacy-szerver-fejlesztes,Kozepes,0,
EXCMD/legacy/modules-szerver-fejleszt/EXPGBAKALL.md,Legacy modul (SZERVER-FEJLESZT): EXPGBAKALL,EXPGBAKALL,legacy-szerver-fejlesztes,penztar-client,legacy-szerver-fejlesztes,Kozepes,0,
EXCMD/legacy/modules-szerver-fejleszt/FDBTOMORITO.md,Legacy modul (SZERVER-FEJLESZT): FDBTOMORITO,FDBTOMORITO,legacy-szerver-fejlesztes,penztar-client,legacy-szerver-fejlesztes,Kozepes,0,
EXCMD/legacy/modules-szerver-fejleszt/FDBTORLO.md,Legacy modul (SZERVER-FEJLESZT): FDBTORLO,FDBTORLO,legacy-szerver-fejlesztes,penztar-client,legacy-szerver-fejlesztes,Kozepes,0,
EXCMD/legacy/modules-szerver-fejleszt/FOGLALO.md,Legacy modul (SZERVER-FEJLESZT): FOGLALO,FOGLALO,legacy-szerver-fejlesztes,penztar-client,legacy-szerver-fejlesztes,Kozepes,0,
EXCMD/legacy/modules-szerver-fejleszt/FORGDISP.md,Legacy modul (SZERVER-FEJLESZT): FORGDISP,FORGDISP,legacy-szerver-fejlesztes,penztar-client,legacy-szerver-fejlesztes,Kozepes,0,
EXCMD/legacy/modules-szerver-fejleszt/FORGEX.md,Legacy modul (SZERVER-FEJLESZT mély): FORGEX,FORGEX,legacy-szerver-fejlesztes,penztar-client,legacy-szerver-fejlesztes,Kozepes,0,
EXCMD/legacy/modules-szerver-fejleszt/FRISSDAT.md,Legacy modul (SZERVER-FEJLESZT): FRISSDAT,FRISSDAT,legacy-szerver-fejlesztes,penztar-client,legacy-szerver-fejlesztes,Kozepes,0,
EXCMD/legacy/modules-szerver-fejleszt/GBAKALL.md,Legacy modul (SZERVER-FEJLESZT): GBAKALL,GBAKALL,legacy-szerver-fejlesztes,penztar-client,legacy-szerver-fejlesztes,Kozepes,0,
EXCMD/legacy/modules-szerver-fejleszt/GETEGYSEG.md,Legacy modul (SZERVER-FEJLESZT mély): GETEGYSEG,GETEGYSEG,legacy-szerver-fejlesztes,penztar-client,legacy-szerver-fejlesztes,Alacsony,0,
EXCMD/legacy/modules-szerver-fejleszt/GETNYUG.md,Legacy modul (SZERVER-FEJLESZT mély): GETNYUG,GETNYUG,legacy-szerver-fejlesztes,penztar-client,legacy-szerver-fejlesztes,Kozepes,0,
EXCMD/legacy/modules-szerver-fejleszt/GETSTAT.md,Legacy modul (SZERVER-FEJLESZT mély): GETSTAT,GETSTAT,legacy-szerver-fejlesztes,penztar-client,legacy-szerver-fejlesztes,Kozepes,0,
EXCMD/legacy/modules-szerver-fejleszt/GYUJTO.md,Legacy modul (SZERVER-FEJLESZT mély): GYUJTO,GYUJTO,legacy-szerver-fejlesztes,penztar-client,legacy-szerver-fejlesztes,Kozepes,0,
EXCMD/legacy/modules-szerver-fejleszt/HASZON.md,Legacy modul (SZERVER-FEJLESZT): HASZON,HASZON,legacy-szerver-fejlesztes,penztar-client,legacy-szerver-fejlesztes,Alacsony,0,
EXCMD/legacy/modules-szerver-fejleszt/HAVITABLO.md,Legacy modul (SZERVER-FEJLESZT): HAVITABLO,HAVITABLO,legacy-szerver-fejlesztes,penztar-client,legacy-szerver-fejlesztes,Kozepes,0,
EXCMD/legacy/modules-szerver-fejleszt/HAVITRAD.md,Legacy modul (SZERVER-FEJLESZT): HAVITRAD,HAVITRAD,legacy-szerver-fejlesztes,penztar-client,legacy-szerver-fejlesztes,Kozepes,0,
EXCMD/legacy/modules-szerver-fejleszt/HELGA.md,Legacy modul (SZERVER-FEJLESZT): HELGA,HELGA,legacy-szerver-fejlesztes,penztar-client,legacy-szerver-fejlesztes,Alacsony,0,
EXCMD/legacy/modules-szerver-fejleszt/HIBAKERESO.md,Legacy modul (SZERVER-FEJLESZT mély): HIBAKERESO,HIBAKERESO,legacy-szerver-fejlesztes,penztar-client,legacy-szerver-fejlesztes,Kozepes,0,
EXCMD/legacy/modules-szerver-fejleszt/HRK.md,Legacy modul (SZERVER-FEJLESZT mély): HRK,HRK,legacy-szerver-fejlesztes,penztar-client,legacy-szerver-fejlesztes,Kozepes,0,
EXCMD/legacy/modules-szerver-fejleszt/HRKCIM.md,Legacy modul (SZERVER-FEJLESZT mély): HRKCIM,HRKCIM,legacy-szerver-fejlesztes,penztar-client,legacy-szerver-fejlesztes,Kozepes,0,
EXCMD/legacy/modules-szerver-fejleszt/HRKGET.md,Legacy modul (SZERVER-FEJLESZT mély): HRKGET,HRKGET,legacy-szerver-fejlesztes,penztar-client,legacy-szerver-fejlesztes,Magas,0,
EXCMD/legacy/modules-szerver-fejleszt/HRKSEND.md,Legacy modul (SZERVER-FEJLESZT mély): HRKSEND,HRKSEND,legacy-szerver-fejlesztes,penztar-client,legacy-szerver-fejlesztes,Magas,0,
EXCMD/legacy/modules-szerver-fejleszt/HRKVETEL.md,Legacy modul (SZERVER-FEJLESZT): HRKVETEL,HRKVETEL,legacy-szerver-fejlesztes,penztar-client,legacy-szerver-fejlesztes,Kozepes,0,
EXCMD/legacy/modules-szerver-fejleszt/IDBEIRO.md,Legacy modul (SZERVER-FEJLESZT): IDBEIRO,IDBEIRO,legacy-szerver-fejlesztes,penztar-client,legacy-szerver-fejlesztes,Kozepes,0,
EXCMD/legacy/modules-szerver-fejleszt/IDCTRL.md,Legacy modul (SZERVER-FEJLESZT mély): IDCTRL,IDCTRL,legacy-szerver-fejlesztes,penztar-client,legacy-szerver-fejlesztes,Kozepes,0,
EXCMD/legacy/modules-szerver-fejleszt/IDOSZAKOS.md,Legacy modul (SZERVER-FEJLESZT mély): IDOSZAKOS,IDOSZAKOS,legacy-szerver-fejlesztes,penztar-client,legacy-szerver-fejlesztes,Alacsony,0,
EXCMD/legacy/modules-szerver-fejleszt/IDPOTLO.md,Legacy modul (SZERVER-FEJLESZT): IDPOTLO,IDPOTLO,legacy-szerver-fejlesztes,penztar-client,legacy-szerver-fejlesztes,Kozepes,0,
EXCMD/legacy/modules-szerver-fejleszt/IDPROSCT.md,Legacy modul (SZERVER-FEJLESZT): IDPROSCT,IDPROSCT,legacy-szerver-fejlesztes,penztar-client,legacy-szerver-fejlesztes,Kozepes,0,
EXCMD/legacy/modules-szerver-fejleszt/IMPORT.md,Legacy modul (SZERVER-FEJLESZT): IMPORT,IMPORT,legacy-szerver-fejlesztes,penztar-client,legacy-szerver-fejlesztes,Kozepes,0,
EXCMD/legacy/modules-szerver-fejleszt/INDITO.md,Legacy modul (SZERVER-FEJLESZT mély): INDITO,INDITO,legacy-szerver-fejlesztes,penztar-client,legacy-szerver-fejlesztes,Kozepes,0,
EXCMD/legacy/modules-szerver-fejleszt/JELENLET.md,Legacy modul (SZERVER-FEJLESZT): JELENLET,JELENLET,legacy-szerver-fejlesztes,penztar-client,legacy-szerver-fejlesztes,Kozepes,0,
EXCMD/legacy/modules-szerver-fejleszt/JOGI.md,Legacy modul (SZERVER-FEJLESZT): JOGI,JOGI,legacy-szerver-fejlesztes,penztar-client,legacy-szerver-fejlesztes,Kozepes,0,
EXCMD/legacy/modules-szerver-fejleszt/JOGISZEM.md,Legacy modul (SZERVER-FEJLESZT mély): JOGISZEM,JOGISZEM,legacy-szerver-fejlesztes,penztar-client,legacy-szerver-fejlesztes,Kozepes,0,
EXCMD/legacy/modules-szerver-fejleszt/JOGISZEMELY.md,Legacy modul (SZERVER-FEJLESZT): JOGISZEMELY,JOGISZEMELY,legacy-szerver-fejlesztes,penztar-client,legacy-szerver-fejlesztes,Kozepes,0,
EXCMD/legacy/modules-szerver-fejleszt/JUTMEND.md,Legacy modul (SZERVER-FEJLESZT): JUTMEND,JUTMEND,legacy-szerver-fejlesztes,penztar-client,legacy-szerver-fejlesztes,Kozepes,0,
EXCMD/legacy/modules-szerver-fejleszt/JUTSZAZ.md,Legacy modul (SZERVER-FEJLESZT mély): JUTSZAZ,JUTSZAZ,legacy-szerver-fejlesztes,penztar-client,legacy-szerver-fejlesztes,Kozepes,0,
EXCMD/legacy/modules-szerver-fejleszt/KAMERSUM.md,Legacy modul (SZERVER-FEJLESZT): KAMERSUM,KAMERSUM,legacy-szerver-fejlesztes,penztar-client,legacy-szerver-fejlesztes,Kozepes,0,
EXCMD/legacy/modules-szerver-fejleszt/KDCHANGE.md,Legacy modul (SZERVER-FEJLESZT): KDCHANGE,KDCHANGE,legacy-szerver-fejlesztes,penztar-client,legacy-szerver-fejlesztes,Kozepes,0,
EXCMD/legacy/modules-szerver-fejleszt/KDTRDISP.md,Legacy modul (SZERVER-FEJLESZT mély): KDTRDISP,KDTRDISP,legacy-szerver-fejlesztes,penztar-client,legacy-szerver-fejlesztes,Kozepes,0,
EXCMD/legacy/modules-szerver-fejleszt/KEDVMAK.md,Legacy modul (SZERVER-FEJLESZT): KEDVMAK,KEDVMAK,legacy-szerver-fejlesztes,penztar-client,legacy-szerver-fejlesztes,Kozepes,0,
EXCMD/legacy/modules-szerver-fejleszt/KERESO.md,Legacy modul (SZERVER-FEJLESZT): KERESO,KERESO,legacy-szerver-fejlesztes,penztar-client,legacy-szerver-fejlesztes,Magas,0,
EXCMD/legacy/modules-szerver-fejleszt/KESZDISP.md,Legacy modul (SZERVER-FEJLESZT mély): KESZDISP,KESZDISP,legacy-szerver-fejlesztes,penztar-client,legacy-szerver-fejlesztes,Kozepes,0,
EXCMD/legacy/modules-szerver-fejleszt/KESZEX.md,Legacy modul (SZERVER-FEJLESZT mély): KESZEX,KESZEX,legacy-szerver-fejlesztes,penztar-client,legacy-szerver-fejlesztes,Kozepes,0,
EXCMD/legacy/modules-szerver-fejleszt/KESZLEX.md,Legacy modul (SZERVER-FEJLESZT mély): KESZLEX,KESZLEX,legacy-szerver-fejlesztes,penztar-client,legacy-szerver-fejlesztes,Kozepes,0,
EXCMD/legacy/modules-szerver-fejleszt/KEZDEK.md,Legacy modul (SZERVER-FEJLESZT mély): KEZDEK,KEZDEK,legacy-szerver-fejlesztes,penztar-client,legacy-szerver-fejlesztes,Kozepes,0,
EXCMD/legacy/modules-szerver-fejleszt/KEZDIJ.md,Legacy modul (SZERVER-FEJLESZT): KEZDIJ,KEZDIJ,legacy-szerver-fejlesztes,penztar-client,legacy-szerver-fejlesztes,Kozepes,0,
EXCMD/legacy/modules-szerver-fejleszt/KISCIM.md,Legacy modul (SZERVER-FEJLESZT mély): KISCIM,KISCIM,legacy-szerver-fejlesztes,penztar-client,legacy-szerver-fejlesztes,Magas,0,
EXCMD/legacy/modules-szerver-fejleszt/KORLEVEL.md,Legacy modul (SZERVER-FEJLESZT): KORLEVEL,KORLEVEL,legacy-szerver-fejlesztes,penztar-client,legacy-szerver-fejlesztes,Alacsony,0,
EXCMD/legacy/modules-szerver-fejleszt/LEGYUJTO.md,Legacy modul (SZERVER-FEJLESZT mély): LEGYUJTO,LEGYUJTO,legacy-szerver-fejlesztes,penztar-client,legacy-szerver-fejlesztes,Magas,0,
EXCMD/legacy/modules-szerver-fejleszt/LEMENTO.md,Legacy modul (SZERVER-FEJLESZT): LEMENTO,LEMENTO,legacy-szerver-fejlesztes,penztar-client,legacy-szerver-fejlesztes,Magas,0,
EXCMD/legacy/modules-szerver-fejleszt/LETILT.md,Legacy modul (SZERVER-FEJLESZT mély): LETILT,LETILT,legacy-szerver-fejlesztes,penztar-client,legacy-szerver-fejlesztes,Kozepes,0,
EXCMD/legacy/modules-szerver-fejleszt/LISTA.md,Legacy modul (SZERVER-FEJLESZT mély): LISTA,LISTA,legacy-szerver-fejlesztes,penztar-client,legacy-szerver-fejlesztes,Alacsony,0,
EXCMD/legacy/modules-szerver-fejleszt/LISTOPENOFFICES.md,Legacy modul (SZERVER-FEJLESZT): LISTOPENOFFICES,LISTOPENOFFICES,legacy-szerver-fejlesztes,penztar-client,legacy-szerver-fejlesztes,Kozepes,0,
EXCMD/legacy/modules-szerver-fejleszt/LITENEWS.md,Legacy modul (SZERVER-FEJLESZT): LITENEWS,LITENEWS,legacy-szerver-fejlesztes,penztar-client,legacy-szerver-fejlesztes,Kozepes,0,
EXCMD/legacy/modules-szerver-fejleszt/LOCSERVER.md,Legacy modul (SZERVER-FEJLESZT mély): LOCSERVER,LOCSERVER,legacy-szerver-fejlesztes,penztar-client,legacy-szerver-fejlesztes,Kozepes,0,
EXCMD/legacy/modules-szerver-fejleszt/MAKEBESZ.md,Legacy modul (SZERVER-FEJLESZT mély): MAKEBESZ,MAKEBESZ,legacy-szerver-fejlesztes,penztar-client,legacy-szerver-fejlesztes,Kozepes,0,
EXCMD/legacy/modules-szerver-fejleszt/MAKEEXCEL.md,Legacy modul (SZERVER-FEJLESZT mély): MAKEEXCEL,MAKEEXCEL,legacy-szerver-fejlesztes,penztar-client,legacy-szerver-fejlesztes,Alacsony,0,
EXCMD/legacy/modules-szerver-fejleszt/MAKESZLT.md,Legacy modul (SZERVER-FEJLESZT): MAKESZLT,MAKESZLT,legacy-szerver-fejlesztes,penztar-client,legacy-szerver-fejlesztes,Kozepes,0,
EXCMD/legacy/modules-szerver-fejleszt/MAKIRODA.md,Legacy modul (SZERVER-FEJLESZT): MAKIRODA,MAKIRODA,legacy-szerver-fejlesztes,penztar-client,legacy-szerver-fejlesztes,Kozepes,0,
EXCMD/legacy/modules-szerver-fejleszt/MAKTABLA.md,Legacy modul (SZERVER-FEJLESZT mély): MAKTABLA,MAKTABLA,legacy-szerver-fejlesztes,penztar-client,legacy-szerver-fejlesztes,Kozepes,0,
EXCMD/legacy/modules-szerver-fejleszt/MAKTABLO.md,Legacy modul (SZERVER-FEJLESZT mély): MAKTABLO,MAKTABLO,legacy-szerver-fejlesztes,penztar-client,legacy-szerver-fejlesztes,Kozepes,0,
EXCMD/legacy/modules-szerver-fejleszt/MEND.md,Legacy modul (SZERVER-FEJLESZT mély): MEND,MEND,legacy-szerver-fejlesztes,penztar-client,legacy-szerver-fejlesztes,Kozepes,0,
EXCMD/legacy/modules-szerver-fejleszt/MENDJOGI.md,Legacy modul (SZERVER-FEJLESZT): MENDJOGI,MENDJOGI,legacy-szerver-fejlesztes,penztar-client,legacy-szerver-fejlesztes,Kozepes,0,
EXCMD/legacy/modules-szerver-fejleszt/MENTES.md,Legacy modul (SZERVER-FEJLESZT): MENTES,MENTES,legacy-szerver-fejlesztes,penztar-client,legacy-szerver-fejlesztes,Kozepes,0,
EXCMD/legacy/modules-szerver-fejleszt/MGRAM.md,Legacy modul (SZERVER-FEJLESZT mély): MGRAM,MGRAM,legacy-szerver-fejlesztes,penztar-client,legacy-szerver-fejlesztes,Magas,0,
EXCMD/legacy/modules-szerver-fejleszt/MINTA.md,Legacy modul (SZERVER-FEJLESZT mély): MINTA,MINTA,legacy-szerver-fejlesztes,penztar-client,legacy-szerver-fejlesztes,Magas,0,
EXCMD/legacy/modules-szerver-fejleszt/MISSCTRL.md,Legacy modul (SZERVER-FEJLESZT mély): MISSCTRL,MISSCTRL,legacy-szerver-fejlesztes,penztar-client,legacy-szerver-fejlesztes,Kozepes,0,
EXCMD/legacy/modules-szerver-fejleszt/MONEGRAM.md,Legacy modul (SZERVER-FEJLESZT): MONEGRAM,MONEGRAM,legacy-szerver-fejlesztes,penztar-client,legacy-szerver-fejlesztes,Magas,0,
EXCMD/legacy/modules-szerver-fejleszt/NAPIMENT.md,Legacy modul (SZERVER-FEJLESZT): NAPIMENT,NAPIMENT,legacy-szerver-fejlesztes,penztar-client,legacy-szerver-fejlesztes,Kozepes,0,
EXCMD/legacy/modules-szerver-fejleszt/NEVSEEK.md,Legacy modul (SZERVER-FEJLESZT): NEVSEEK,NEVSEEK,legacy-szerver-fejlesztes,penztar-client,legacy-szerver-fejlesztes,Kozepes,0,
EXCMD/legacy/modules-szerver-fejleszt/NEWRATE.md,Legacy modul (SZERVER-FEJLESZT): NEWRATE,NEWRATE,legacy-szerver-fejlesztes,penztar-client,legacy-szerver-fejlesztes,Kozepes,0,
EXCMD/legacy/modules-szerver-fejleszt/NEWYEAR.md,Legacy modul (SZERVER-FEJLESZT): NEWYEAR,NEWYEAR,legacy-szerver-fejlesztes,penztar-client,legacy-szerver-fejlesztes,Kozepes,0,
EXCMD/legacy/modules-szerver-fejleszt/OKMCTRL.md,Legacy modul (SZERVER-FEJLESZT): OKMCTRL,OKMCTRL,legacy-szerver-fejlesztes,penztar-client,legacy-szerver-fejlesztes,Kozepes,0,
EXCMD/legacy/modules-szerver-fejleszt/OKMDISP.md,Legacy modul (SZERVER-FEJLESZT mély): OKMDISP,OKMDISP,legacy-szerver-fejlesztes,penztar-client,legacy-szerver-fejlesztes,Kozepes,0,
EXCMD/legacy/modules-szerver-fejleszt/OPOFFLIST.md,Legacy modul (SZERVER-FEJLESZT mély): OPOFFLIST,OPOFFLIST,legacy-szerver-fejlesztes,penztar-client,legacy-szerver-fejlesztes,Kozepes,0,
EXCMD/legacy/modules-szerver-fejleszt/ORSOSEEK.md,Legacy modul (SZERVER-FEJLESZT): ORSOSEEK,ORSOSEEK,legacy-szerver-fejlesztes,penztar-client,legacy-szerver-fejlesztes,Kozepes,0,
EXCMD/legacy/modules-szerver-fejleszt/PALYADIJ.md,Legacy modul (SZERVER-FEJLESZT): PALYADIJ,PALYADIJ,legacy-szerver-fejlesztes,penztar-client,legacy-szerver-fejlesztes,Kozepes,0,
EXCMD/legacy/modules-szerver-fejleszt/PERMIT.md,Legacy modul (SZERVER-FEJLESZT): PERMIT,PERMIT,legacy-szerver-fejlesztes,penztar-client,legacy-szerver-fejlesztes,Kozepes,0,
EXCMD/legacy/modules-szerver-fejleszt/PERSONAL.md,Legacy modul (SZERVER-FEJLESZT): PERSONAL,PERSONAL,legacy-szerver-fejlesztes,penztar-client,legacy-szerver-fejlesztes,Kozepes,0,
EXCMD/legacy/modules-szerver-fejleszt/POLICE.md,Legacy modul (SZERVER-FEJLESZT): POLICE,POLICE,legacy-szerver-fejlesztes,penztar-client,legacy-szerver-fejlesztes,Magas,0,
EXCMD/legacy/modules-szerver-fejleszt/POSTERM.md,Legacy modul (SZERVER-FEJLESZT mély): POSTERM,POSTERM,legacy-szerver-fejlesztes,penztar-client,legacy-szerver-fejlesztes,Magas,0,
EXCMD/legacy/modules-szerver-fejleszt/POSTTERM.md,Legacy modul (SZERVER-FEJLESZT): POSTTERM,POSTTERM,legacy-szerver-fejlesztes,penztar-client,legacy-szerver-fejlesztes,Magas,0,
EXCMD/legacy/modules-szerver-fejleszt/PROJECT2.md,Legacy modul (SZERVER-FEJLESZT mély): PROJECT2,PROJECT2,legacy-szerver-fejlesztes,penztar-client,legacy-szerver-fejlesztes,Kozepes,0,
EXCMD/legacy/modules-szerver-fejleszt/PTARAK.md,Legacy modul (SZERVER-FEJLESZT mély): PTARAK,PTARAK,legacy-szerver-fejlesztes,penztar-client,legacy-szerver-fejlesztes,Kozepes,0,
EXCMD/legacy/modules-szerver-fejleszt/PTARCTRL.md,Legacy modul (SZERVER-FEJLESZT mély): PTARCTRL,PTARCTRL,legacy-szerver-fejlesztes,penztar-client,legacy-szerver-fejlesztes,Magas,0,
EXCMD/legacy/modules-szerver-fejleszt/PTFORG.md,Legacy modul (SZERVER-FEJLESZT): PTFORG,PTFORG,legacy-szerver-fejlesztes,penztar-client,legacy-szerver-fejlesztes,Magas,0,
EXCMD/legacy/modules-szerver-fejleszt/PTKDISP.md,Legacy modul (SZERVER-FEJLESZT mély): PTKDISP,PTKDISP,legacy-szerver-fejlesztes,penztar-client,legacy-szerver-fejlesztes,Kozepes,0,
EXCMD/legacy/modules-szerver-fejleszt/PTTRFEE.md,Legacy modul (SZERVER-FEJLESZT): PTTRFEE,PTTRFEE,legacy-szerver-fejlesztes,penztar-client,legacy-szerver-fejlesztes,Kozepes,0,
EXCMD/legacy/modules-szerver-fejleszt/RECGUARD.md,Legacy modul (SZERVER-FEJLESZT): RECGUARD,RECGUARD,legacy-szerver-fejlesztes,penztar-client,legacy-szerver-fejlesztes,Kozepes,0,
EXCMD/legacy/modules-szerver-fejleszt/RECPTOR.md,Legacy modul (SZERVER-FEJLESZT): RECPTOR,RECPTOR,legacy-szerver-fejlesztes,penztar-client,legacy-szerver-fejlesztes,Alacsony,0,
EXCMD/legacy/modules-szerver-fejleszt/REMALTIB.md,Legacy modul (SZERVER-FEJLESZT): REMALTIB,REMALTIB,legacy-szerver-fejlesztes,penztar-client,legacy-szerver-fejlesztes,Alacsony,0,
EXCMD/legacy/modules-szerver-fejleszt/SCANNER.md,Legacy modul (SZERVER-FEJLESZT mély): SCANNER,SCANNER,legacy-szerver-fejlesztes,penztar-client,legacy-szerver-fejlesztes,Kozepes,0,
EXCMD/legacy/modules-szerver-fejleszt/SENDDATA.md,Legacy modul (SZERVER-FEJLESZT): SENDDATA,SENDDATA,legacy-szerver-fejlesztes,penztar-client,legacy-szerver-fejlesztes,Kozepes,0,
EXCMD/legacy/modules-szerver-fejleszt/SERVER.md,Legacy modul (SZERVER-FEJLESZT): SERVER,SERVER,legacy-szerver-fejlesztes,penztar-client,legacy-szerver-fejlesztes,Magas,0,
EXCMD/legacy/modules-szerver-fejleszt/SETRADE.md,Legacy modul (SZERVER-FEJLESZT): SETRADE,SETRADE,legacy-szerver-fejlesztes,penztar-client,legacy-szerver-fejlesztes,Kozepes,0,
EXCMD/legacy/modules-szerver-fejleszt/STABLO.md,Legacy modul (SZERVER-FEJLESZT mély): STABLO,STABLO,legacy-szerver-fejlesztes,penztar-client,legacy-szerver-fejlesztes,Kozepes,0,
EXCMD/legacy/modules-szerver-fejleszt/STATISZT.md,Legacy modul (SZERVER-FEJLESZT): STATISZT,STATISZT,legacy-szerver-fejlesztes,penztar-client,legacy-szerver-fejlesztes,Magas,0,
EXCMD/legacy/modules-szerver-fejleszt/STRADE.md,Legacy modul (SZERVER-FEJLESZT): STRADE,STRADE,legacy-szerver-fejlesztes,penztar-client,legacy-szerver-fejlesztes,Kozepes,0,
EXCMD/legacy/modules-szerver-fejleszt/SUMAXA.md,Legacy modul (SZERVER-FEJLESZT): SUMAXA,SUMAXA,legacy-szerver-fejlesztes,penztar-client,legacy-szerver-fejlesztes,Kozepes,0,
EXCMD/legacy/modules-szerver-fejleszt/SUMMA.md,Legacy modul (SZERVER-FEJLESZT): SUMMA,SUMMA,legacy-szerver-fejlesztes,penztar-client,legacy-szerver-fejlesztes,Kozepes,0,
EXCMD/legacy/modules-szerver-fejleszt/SUMRATE.md,Legacy modul (SZERVER-FEJLESZT): SUMRATE,SUMRATE,legacy-szerver-fejlesztes,penztar-client,legacy-szerver-fejlesztes,Kozepes,0,
EXCMD/legacy/modules-szerver-fejleszt/SUMTABLO.md,Legacy modul (SZERVER-FEJLESZT): SUMTABLO,SUMTABLO,legacy-szerver-fejlesztes,penztar-client,legacy-szerver-fejlesztes,Kozepes,0,
EXCMD/legacy/modules-szerver-fejleszt/SUMTRADE.md,Legacy modul (SZERVER-FEJLESZT): SUMTRADE,SUMTRADE,legacy-szerver-fejlesztes,penztar-client,legacy-szerver-fejlesztes,Alacsony,0,
EXCMD/legacy/modules-szerver-fejleszt/SVISOR.md,Legacy modul (SZERVER-FEJLESZT mély): SVISOR,SVISOR,legacy-szerver-fejlesztes,penztar-client,legacy-szerver-fejlesztes,Kozepes,0,
EXCMD/legacy/modules-szerver-fejleszt/TABLOMAK.md,Legacy modul (SZERVER-FEJLESZT): TABLOMAK,TABLOMAK,legacy-szerver-fejlesztes,penztar-client,legacy-szerver-fejlesztes,Kozepes,0,
EXCMD/legacy/modules-szerver-fejleszt/TABMAK.md,Legacy modul (SZERVER-FEJLESZT mély): TABMAK,TABMAK,legacy-szerver-fejlesztes,penztar-client,legacy-szerver-fejlesztes,Kozepes,0,
EXCMD/legacy/modules-szerver-fejleszt/TABMAKE.md,Legacy modul (SZERVER-FEJLESZT mély): TABMAKE,TABMAKE,legacy-szerver-fejlesztes,penztar-client,legacy-szerver-fejlesztes,Kozepes,0,
EXCMD/legacy/modules-szerver-fejleszt/TDIJ.md,Legacy modul (SZERVER-FEJLESZT mély): TDIJ,TDIJ,legacy-szerver-fejlesztes,penztar-client,legacy-szerver-fejlesztes,Kozepes,0,
EXCMD/legacy/modules-szerver-fejleszt/TEAORSEL.md,Legacy modul (SZERVER-FEJLESZT mély): TEAORSEL,TEAORSEL,legacy-szerver-fejlesztes,penztar-client,legacy-szerver-fejlesztes,Kozepes,0,
EXCMD/legacy/modules-szerver-fejleszt/TERRLIST.md,Legacy modul (SZERVER-FEJLESZT mély): TERRLIST,TERRLIST,legacy-szerver-fejlesztes,penztar-client,legacy-szerver-fejlesztes,Kozepes,0,
EXCMD/legacy/modules-szerver-fejleszt/TERRNAPLO.md,Legacy modul (SZERVER-FEJLESZT mély): TERRNAPLO,TERRNAPLO,legacy-szerver-fejlesztes,penztar-client,legacy-szerver-fejlesztes,Alacsony,0,
EXCMD/legacy/modules-szerver-fejleszt/TERROR.md,Legacy modul (SZERVER-FEJLESZT): TERROR,TERROR,legacy-szerver-fejlesztes,penztar-client,legacy-szerver-fejlesztes,Kozepes,0,
EXCMD/legacy/modules-szerver-fejleszt/TILTASOK.md,Legacy modul (SZERVER-FEJLESZT mély): TILTASOK,TILTASOK,legacy-szerver-fejlesztes,penztar-client,legacy-szerver-fejlesztes,Alacsony,0,
EXCMD/legacy/modules-szerver-fejleszt/TILTCOPY.md,Legacy modul (SZERVER-FEJLESZT): TILTCOPY,TILTCOPY,legacy-szerver-fejlesztes,penztar-client,legacy-szerver-fejlesztes,Kozepes,0,
EXCMD/legacy/modules-szerver-fejleszt/TOMORITO.md,Legacy modul (SZERVER-FEJLESZT mély): TOMORITO,TOMORITO,legacy-szerver-fejlesztes,penztar-client,legacy-szerver-fejlesztes,Kozepes,0,
EXCMD/legacy/modules-szerver-fejleszt/TRANZACS.md,Legacy modul (SZERVER-FEJLESZT): TRANZACS,TRANZACS,legacy-szerver-fejlesztes,penztar-client,legacy-szerver-fejlesztes,Kozepes,0,
EXCMD/legacy/modules-szerver-fejleszt/TRANZDB.md,Legacy modul (SZERVER-FEJLESZT): TRANZDB,TRANZDB,legacy-szerver-fejlesztes,penztar-client,legacy-szerver-fejlesztes,Kozepes,0,
EXCMD/legacy/modules-szerver-fejleszt/TRANZDIJ.md,Legacy modul (SZERVER-FEJLESZT): TRANZDIJ,TRANZDIJ,legacy-szerver-fejlesztes,penztar-client,legacy-szerver-fejlesztes,Kozepes,0,
EXCMD/legacy/modules-szerver-fejleszt/TRNZSTAT.md,Legacy modul (SZERVER-FEJLESZT): TRNZSTAT,TRNZSTAT,legacy-szerver-fejlesztes,penztar-client,legacy-szerver-fejlesztes,Kozepes,0,
EXCMD/legacy/modules-szerver-fejleszt/UCTRL.md,Legacy modul (SZERVER-FEJLESZT): UCTRL,UCTRL,legacy-szerver-fejlesztes,penztar-client,legacy-szerver-fejlesztes,Kozepes,0,
EXCMD/legacy/modules-szerver-fejleszt/UFILL18.md,Legacy modul (SZERVER-FEJLESZT): UFILL18,UFILL18,legacy-szerver-fejlesztes,penztar-client,legacy-szerver-fejlesztes,Kozepes,0,
EXCMD/legacy/modules-szerver-fejleszt/UFILL19.md,Legacy modul (SZERVER-FEJLESZT): UFILL19,UFILL19,legacy-szerver-fejlesztes,penztar-client,legacy-szerver-fejlesztes,Kozepes,0,
EXCMD/legacy/modules-szerver-fejleszt/UFORG.md,Legacy modul (SZERVER-FEJLESZT): UFORG,UFORG,legacy-szerver-fejlesztes,penztar-client,legacy-szerver-fejlesztes,Kozepes,0,
EXCMD/legacy/modules-szerver-fejleszt/UGYF2FDB.md,Legacy modul (SZERVER-FEJLESZT mély): UGYF2FDB,UGYF2FDB,legacy-szerver-fejlesztes,penztar-client,legacy-szerver-fejlesztes,Kozepes,0,
EXCMD/legacy/modules-szerver-fejleszt/UGYF2TXT.md,Legacy modul (SZERVER-FEJLESZT mély): UGYF2TXT,UGYF2TXT,legacy-szerver-fejlesztes,penztar-client,legacy-szerver-fejlesztes,Kozepes,0,
EXCMD/legacy/modules-szerver-fejleszt/UGYFCTRL.md,Legacy modul (SZERVER-FEJLESZT mély): UGYFCTRL,UGYFCTRL,legacy-szerver-fejlesztes,penztar-client,legacy-szerver-fejlesztes,Kozepes,0,
EXCMD/legacy/modules-szerver-fejleszt/UGYFELCONTROL.md,Legacy modul (SZERVER-FEJLESZT): UGYFELCONTROL,UGYFELCONTROL,legacy-szerver-fejlesztes,penztar-client,legacy-szerver-fejlesztes,Alacsony,0,
EXCMD/legacy/modules-szerver-fejleszt/UGYFREG.md,Legacy modul (SZERVER-FEJLESZT mély): UGYFREG,UGYFREG,legacy-szerver-fejlesztes,penztar-client,legacy-szerver-fejlesztes,Kozepes,0,
EXCMD/legacy/modules-szerver-fejleszt/UGYFSEEK.md,Legacy modul (SZERVER-FEJLESZT): UGYFSEEK,UGYFSEEK,legacy-szerver-fejlesztes,penztar-client,legacy-szerver-fejlesztes,Kozepes,0,
EXCMD/legacy/modules-szerver-fejleszt/UGYFTMK.md,Legacy modul (SZERVER-FEJLESZT mély): UGYFTMK,UGYFTMK,legacy-szerver-fejlesztes,penztar-client,legacy-szerver-fejlesztes,Kozepes,0,
EXCMD/legacy/modules-szerver-fejleszt/UJIMPORT.md,Legacy modul (SZERVER-FEJLESZT mély): UJIMPORT,UJIMPORT,legacy-szerver-fejlesztes,penztar-client,legacy-szerver-fejlesztes,Magas,0,
EXCMD/legacy/modules-szerver-fejleszt/USERIN.md,Legacy modul (SZERVER-FEJLESZT mély): USERIN,USERIN,legacy-szerver-fejlesztes,penztar-client,legacy-szerver-fejlesztes,Kozepes,0,
EXCMD/legacy/modules-szerver-fejleszt/VERSENY.md,Legacy modul (SZERVER-FEJLESZT): VERSENY,VERSENY,legacy-szerver-fejlesztes,penztar-client,legacy-szerver-fejlesztes,Kozepes,0,
EXCMD/legacy/modules-szerver-fejleszt/VERSENY_MEND.md,Legacy modul (SZERVER-FEJLESZT): VERSENY_MEND,VERSENY_MEND,legacy-szerver-fejlesztes,penztar-client,legacy-szerver-fejlesztes,Kozepes,0,
EXCMD/legacy/modules-szerver-fejleszt/VEVO.md,Legacy modul (SZERVER-FEJLESZT): VEVO,VEVO,legacy-szerver-fejlesztes,penztar-client,legacy-szerver-fejlesztes,Kozepes,0,
EXCMD/legacy/modules-szerver-fejleszt/VEVOK.md,Legacy modul (SZERVER-FEJLESZT mély): VEVOK,VEVOK,legacy-szerver-fejlesztes,penztar-client,legacy-szerver-fejlesztes,Kozepes,0,
EXCMD/legacy/modules-szerver-fejleszt/VEVOSZAM.md,Legacy modul (SZERVER-FEJLESZT): VEVOSZAM,VEVOSZAM,legacy-szerver-fejlesztes,penztar-client,legacy-szerver-fejlesztes,Kozepes,0,
EXCMD/legacy/modules-szerver-fejleszt/WESTERN.md,Legacy modul (SZERVER-FEJLESZT): WESTERN,WESTERN,legacy-szerver-fejlesztes,penztar-client,legacy-szerver-fejlesztes,Kozepes,0,
EXCMD/legacy/modules-szerver-fejleszt/WESTFORG.md,Legacy modul (SZERVER-FEJLESZT mély): WESTFORG,WESTFORG,legacy-szerver-fejlesztes,penztar-client,legacy-szerver-fejlesztes,Kozepes,0,
EXCMD/legacy/modules-szerver-fejleszt/WESTUNI.md,Legacy modul (SZERVER-FEJLESZT): WESTUNI,WESTUNI,legacy-szerver-fejlesztes,penztar-client,legacy-szerver-fejlesztes,Kozepes,0,
EXCMD/legacy/modules-szerver-fejleszt/WRECEPT.md,Legacy modul (SZERVER-FEJLESZT mély): WRECEPT,WRECEPT,legacy-szerver-fejlesztes,penztar-client,legacy-szerver-fejlesztes,Alacsony,0,
EXCMD/legacy/modules-szerver-fejleszt/WUCONTROL.md,Legacy modul (SZERVER-FEJLESZT): WUCONTROL,WUCONTROL,legacy-szerver-fejlesztes,penztar-client,legacy-szerver-fejlesztes,Kozepes,0,
EXCMD/legacy/modules-szerver-fejleszt/WUDISP.md,Legacy modul (SZERVER-FEJLESZT mély): WUDISP,WUDISP,legacy-szerver-fejlesztes,penztar-client,legacy-szerver-fejlesztes,Kozepes,0,
EXCMD/legacy/modules-szerver-fejleszt/WUNIFORG.md,Legacy modul (SZERVER-FEJLESZT): WUNIFORG,WUNIFORG,legacy-szerver-fejlesztes,penztar-client,legacy-szerver-fejlesztes,Kozepes,0,
EXCMD/legacy/modules-szerver-fejleszt/WUWAADVET.md,Legacy modul (SZERVER-FEJLESZT mély): WUWAADVET,WUWAADVET,legacy-szerver-fejlesztes,penztar-client,legacy-szerver-fejlesztes,Kozepes,0,
EXCMD/legacy/modules-szerver-fejleszt/WWW.md,Legacy modul (SZERVER-FEJLESZT): WWW,WWW,legacy-szerver-fejlesztes,penztar-client,legacy-szerver-fejlesztes,Kozepes,0,
EXCMD/legacy/modules-szerver-fejleszt/XADVET.md,Legacy modul (SZERVER-FEJLESZT mély): XADVET,XADVET,legacy-szerver-fejlesztes,penztar-client,legacy-szerver-fejlesztes,Kozepes,0,
EXCMD/media-module-extracts/2026-06-02-ertektar-media-kivonat.md,ERTEKTAR - Média tartalmi kivonat (2026-06-02),2026-06-02-ertektar-media-kivonat,business,penztar-client,business,Kozepes,0,
EXCMD/media-module-extracts/2026-06-02-felmeres-media-kivonat.md,FELMERES - Média tartalmi kivonat (2026-06-02),2026-06-02-felmeres-media-kivonat,business,penztar-client,business,Magas,0,
EXCMD/media-module-extracts/2026-06-02-szerver-media-kivonat.md,SZERVER - Média tartalmi kivonat (2026-06-02),2026-06-02-szerver-media-kivonat,business,penztar-client,business,Kozepes,0,
EXCMD/media-module-extracts/2026-06-02-valuta-media-kivonat.md,VALUTA - Média tartalmi kivonat (2026-06-02),2026-06-02-valuta-media-kivonat,business,penztar-client,business,Magas,0,
