relpath,ext,size,topfolder
"Cégcsoport felmérése\Árfolyamkészítő programról\0-s lap, alapárfolyamok.jpg",jpg,592133,Cégcsoport felmérése
Cégcsoport felmérése\Árfolyamkészítő programról\Árfolyamok szétküldése log_.jpg,jpg,550177,Cégcsoport felmérése
Cégcsoport felmérése\Árfolyamkészítő programról\Csoport karbantartó 2.jpg,jpg,659003,Cégcsoport felmérése
"Cégcsoport felmérése\Árfolyamkészítő programról\Csoport, nem kézzel állítós hanem a 0-s árfolyamlapról töltődik.png",png,1228241,Cégcsoport felmérése
Cégcsoport felmérése\Árfolyamkészítő programról\Csoportok karbantartó.jpg,jpg,569775,Cégcsoport felmérése
Cégcsoport felmérése\Árfolyamkészítő programról\Követelménylista - Árfolyamkészítés.docx,docx,10502,Cégcsoport felmérése
Cégcsoport felmérése\Igényfelmérési interjú\Kósa cégcsoport első igényfelmérési kérdések.docx,docx,850634,Cégcsoport felmérése
Cégcsoport felmérése\Igényfelmérési interjú\RSL 2. Igényfelmérési interjú összefoglaló 2024.02.15_.docx,docx,863274,Cégcsoport felmérése
Cégcsoport felmérése\Igényfelmérési interjú\RSL Igényfelmérési interjú összefoglaló 2024.02.12_.docx,docx,860124,Cégcsoport felmérése
"Cégcsoport felmérése\Személyes találkozó összefoglalók, kapott dokumentumok, képernyőképek\Bizonylatok\2024. március. 1. havi dekádzárás.jpeg",jpeg,4038593,Cégcsoport felmérése
"Cégcsoport felmérése\Személyes találkozó összefoglalók, kapott dokumentumok, képernyőképek\Bizonylatok\Áfolyam nyomtatás _ Pénztárosi nyilatkozat.jpg",jpg,1385522,Cégcsoport felmérése
"Cégcsoport felmérése\Személyes találkozó összefoglalók, kapott dokumentumok, képernyőképek\Bizonylatok\Extra tranzakciós díjak _ Foglaló _ Pénztári adatlap.jpg",jpg,683008,Cégcsoport felmérése
"Cégcsoport felmérése\Személyes találkozó összefoglalók, kapott dokumentumok, képernyőképek\Bizonylatok\Forint átvételi bizonylat.jpg",jpg,1059551,Cégcsoport felmérése
"Cégcsoport felmérése\Személyes találkozó összefoglalók, kapott dokumentumok, képernyőképek\Bizonylatok\Havi zárás 2_.jpg",jpg,1713943,Cégcsoport felmérése
"Cégcsoport felmérése\Személyes találkozó összefoglalók, kapott dokumentumok, képernyőképek\Bizonylatok\Havi zárás.jpg",jpg,1613686,Cégcsoport felmérése
"Cégcsoport felmérése\Személyes találkozó összefoglalók, kapott dokumentumok, képernyőképek\Bizonylatok\KKTG átadás és átvétel.jpg",jpg,1376714,Cégcsoport felmérése
"Cégcsoport felmérése\Személyes találkozó összefoglalók, kapott dokumentumok, képernyőképek\Bizonylatok\Kezelési költség dekádzárása és Pénztári átadás.jpg",jpg,1160246,Cégcsoport felmérése
"Cégcsoport felmérése\Személyes találkozó összefoglalók, kapott dokumentumok, képernyőképek\Bizonylatok\Napi zárás.jpg",jpg,1628627,Cégcsoport felmérése
"Cégcsoport felmérése\Személyes találkozó összefoglalók, kapott dokumentumok, képernyőképek\Bizonylatok\Pénztár állás.jpg",jpg,3026566,Cégcsoport felmérése
"Cégcsoport felmérése\Személyes találkozó összefoglalók, kapott dokumentumok, képernyőképek\Bizonylatok\Pénztári átadás 2.jpg",jpg,2940158,Cégcsoport felmérése
"Cégcsoport felmérése\Személyes találkozó összefoglalók, kapott dokumentumok, képernyőképek\Bizonylatok\Zárás-Értéktár.jpeg",jpeg,6333970,Cégcsoport felmérése
"Cégcsoport felmérése\Személyes találkozó összefoglalók, kapott dokumentumok, képernyőképek\Bizonylatok\kktg átadás átvétel II.jpg",jpg,2112664,Cégcsoport felmérése
"Cégcsoport felmérése\Személyes találkozó összefoglalók, kapott dokumentumok, képernyőképek\Bizonylatok\pénztári átvétel.jpeg",jpeg,3829843,Cégcsoport felmérése
"Cégcsoport felmérése\Személyes találkozó összefoglalók, kapott dokumentumok, képernyőképek\Dokumentumok\AcAtlagarf.xlsx",xlsx,16384,Cégcsoport felmérése
"Cégcsoport felmérése\Személyes találkozó összefoglalók, kapott dokumentumok, képernyőképek\Dokumentumok\Atlagarfolyam.xlsx",xlsx,35840,Cégcsoport felmérése
"Cégcsoport felmérése\Személyes találkozó összefoglalók, kapott dokumentumok, képernyőképek\Dokumentumok\Áfa, kktg  2024 10 09 hó.xlsx",xlsx,236544,Cégcsoport felmérése
"Cégcsoport felmérése\Személyes találkozó összefoglalók, kapott dokumentumok, képernyőképek\Dokumentumok\Banki import TXT fájl ügyfeles ZÁLOG ZA20241029.csv",csv,6802,Cégcsoport felmérése
"Cégcsoport felmérése\Személyes találkozó összefoglalók, kapott dokumentumok, képernyőképek\Dokumentumok\EXZ haszon pt 202409 hó.xlsx",xlsx,9728,Cégcsoport felmérése
"Cégcsoport felmérése\Személyes találkozó összefoglalók, kapott dokumentumok, képernyőképek\Dokumentumok\Expressz Ékszerház és Minibank Kft forgalom 202409 hó.ods",ods,155344,Cégcsoport felmérése
"Cégcsoport felmérése\Személyes találkozó összefoglalók, kapott dokumentumok, képernyőképek\Dokumentumok\Forgalmak 2015-2024.ods",ods,821581,Cégcsoport felmérése
"Cégcsoport felmérése\Személyes találkozó összefoglalók, kapott dokumentumok, képernyőképek\Dokumentumok\Forgalmi és készlet jelentés ZÁLOG ZM241024.txt",txt,15679,Cégcsoport felmérése
"Cégcsoport felmérése\Személyes találkozó összefoglalók, kapott dokumentumok, képernyőképek\Dokumentumok\Forgalom 2024.09.xlsx",xlsx,74563,Cégcsoport felmérése
"Cégcsoport felmérése\Személyes találkozó összefoglalók, kapott dokumentumok, képernyőképek\Dokumentumok\Havi átadás-átvétel kimutatás.xlsx",xlsx,57508,Cégcsoport felmérése
"Cégcsoport felmérése\Személyes találkozó összefoglalók, kapott dokumentumok, képernyőképek\Dokumentumok\Havi forgalom Békéscsaba körzet összesen.jpg",jpg,1926307,Cégcsoport felmérése
"Cégcsoport felmérése\Személyes találkozó összefoglalók, kapott dokumentumok, képernyőképek\Dokumentumok\KEZD2410.xlsx",xlsx,41984,Cégcsoport felmérése
"Cégcsoport felmérése\Személyes találkozó összefoglalók, kapott dokumentumok, képernyőképek\Dokumentumok\Kezelési költség jelentés.jpg",jpg,2129693,Cégcsoport felmérése
"Cégcsoport felmérése\Személyes találkozó összefoglalók, kapott dokumentumok, képernyőképek\Dokumentumok\Készletek 2024 09 hó.xlsx",xlsx,93184,Cégcsoport felmérése
"Cégcsoport felmérése\Személyes találkozó összefoglalók, kapott dokumentumok, képernyőképek\Dokumentumok\Napi pénztár jelentés.jpg",jpg,1409556,Cégcsoport felmérése
"Cégcsoport felmérése\Személyes találkozó összefoglalók, kapott dokumentumok, képernyőképek\Dokumentumok\P91.TXT",txt,32657,Cégcsoport felmérése
"Cégcsoport felmérése\Személyes találkozó összefoglalók, kapott dokumentumok, képernyőképek\Dokumentumok\Terrorlista2008.txt",txt,190126,Cégcsoport felmérése
"Cégcsoport felmérése\Személyes találkozó összefoglalók, kapott dokumentumok, képernyőképek\Dokumentumok\Ügyfeles jelentés_ BE20241026.csv",csv,30254,Cégcsoport felmérése
"Cégcsoport felmérése\Személyes találkozó összefoglalók, kapott dokumentumok, képernyőképek\Dokumentumok\Zálog kk 202409 hó.xlsx",xlsx,44544,Cégcsoport felmérése
"Cégcsoport felmérése\Személyes találkozó összefoglalók, kapott dokumentumok, képernyőképek\Hangfelvételek\Hang 002_sd.m4a",m4a,171904469,Cégcsoport felmérése
"Cégcsoport felmérése\Személyes találkozó összefoglalók, kapott dokumentumok, képernyőképek\Hangfelvételek\Hang 003_sd.m4a",m4a,10213939,Cégcsoport felmérése
"Cégcsoport felmérése\Személyes találkozó összefoglalók, kapott dokumentumok, képernyőképek\Hangfelvételek\Hang 004_sd.m4a",m4a,84253766,Cégcsoport felmérése
"Cégcsoport felmérése\Személyes találkozó összefoglalók, kapott dokumentumok, képernyőképek\Hangfelvételek\Hang 005_sd.m4a",m4a,42950790,Cégcsoport felmérése
"Cégcsoport felmérése\Személyes találkozó összefoglalók, kapott dokumentumok, képernyőképek\Képernyőképek\Beállítások csak jelszóval_ alapfunkció.jpeg",jpeg,120447,Cégcsoport felmérése
"Cégcsoport felmérése\Személyes találkozó összefoglalók, kapott dokumentumok, képernyőképek\Képernyőképek\Beállítások külön jelszóval_ Alapfunkciók.jpeg",jpeg,115381,Cégcsoport felmérése
"Cégcsoport felmérése\Személyes találkozó összefoglalók, kapott dokumentumok, képernyőképek\Képernyőképek\Beállítások külön jelszóval_ Alkalmazások .jpeg",jpeg,224694,Cégcsoport felmérése
"Cégcsoport felmérése\Személyes találkozó összefoglalók, kapott dokumentumok, képernyőképek\Képernyőképek\Beállítások külön jelszóval_ Árfolyam kijelző beállításai.jpeg",jpeg,204854,Cégcsoport felmérése
"Cégcsoport felmérése\Személyes találkozó összefoglalók, kapott dokumentumok, képernyőképek\Képernyőképek\Beállítások külön jelszóval_ IP cím beállítás.jpeg",jpeg,151005,Cégcsoport felmérése
"Cégcsoport felmérése\Személyes találkozó összefoglalók, kapott dokumentumok, képernyőképek\Képernyőképek\Beállítások külön jelszóval_ Jelszó beállítások napi jelentéshez.jpg",jpg,167153,Cégcsoport felmérése
"Cégcsoport felmérése\Személyes találkozó összefoglalók, kapott dokumentumok, képernyőképek\Képernyőképek\Beállítások külön jelszóval_ adatok beküldése a szerverre.jpeg",jpeg,158385,Cégcsoport felmérése
"Cégcsoport felmérése\Személyes találkozó összefoglalók, kapott dokumentumok, képernyőképek\Képernyőképek\Beállítások külön jelszóval_ nyomtató beállítás.jpeg",jpeg,150938,Cégcsoport felmérése
"Cégcsoport felmérése\Személyes találkozó összefoglalók, kapott dokumentumok, képernyőképek\Képernyőképek\Beállítások külön jelszóval_ szkenner beállítás.jpeg",jpeg,136049,Cégcsoport felmérése
"Cégcsoport felmérése\Személyes találkozó összefoglalók, kapott dokumentumok, képernyőképek\Képernyőképek\Beállítások menü külön jelszóval.jpeg",jpeg,123670,Cégcsoport felmérése
"Cégcsoport felmérése\Személyes találkozó összefoglalók, kapott dokumentumok, képernyőképek\Képernyőképek\Bizonylatok szűrése.jpeg",jpeg,222876,Cégcsoport felmérése
"Cégcsoport felmérése\Személyes találkozó összefoglalók, kapott dokumentumok, képernyőképek\Képernyőképek\Bizonylatok szűrése2.jpeg",jpeg,199158,Cégcsoport felmérése
"Cégcsoport felmérése\Személyes találkozó összefoglalók, kapott dokumentumok, képernyőképek\Képernyőképek\Címletezés Zárások - Cimletezés.JPG",jpg,4141057,Cégcsoport felmérése
"Cégcsoport felmérése\Személyes találkozó összefoglalók, kapott dokumentumok, képernyőképek\Képernyőképek\Dekédzárás.jpeg",jpeg,161869,Cégcsoport felmérése
"Cégcsoport felmérése\Személyes találkozó összefoglalók, kapott dokumentumok, képernyőképek\Képernyőképek\ERB Egyedi kötés.JPG",jpg,3720835,Cégcsoport felmérése
"Cégcsoport felmérése\Személyes találkozó összefoglalók, kapott dokumentumok, képernyőképek\Képernyőképek\Egyéb feladatok menü(1).jpeg",jpeg,190118,Cégcsoport felmérése
"Cégcsoport felmérése\Személyes találkozó összefoglalók, kapott dokumentumok, képernyőképek\Képernyőképek\Egyéb feladatok menü.jpeg",jpeg,215671,Cégcsoport felmérése
"Cégcsoport felmérése\Személyes találkozó összefoglalók, kapott dokumentumok, képernyőképek\Képernyőképek\Értéktári zárás előtti check list.JPG",jpg,4512123,Cégcsoport felmérése
"Cégcsoport felmérése\Személyes találkozó összefoglalók, kapott dokumentumok, képernyőképek\Képernyőképek\Értéktári zárást ellenőrző személy adatai.JPG",jpg,2028841,Cégcsoport felmérése
"Cégcsoport felmérése\Személyes találkozó összefoglalók, kapott dokumentumok, képernyőképek\Képernyőképek\Főmenü 2.JPG",jpg,2999644,Cégcsoport felmérése
"Cégcsoport felmérése\Személyes találkozó összefoglalók, kapott dokumentumok, képernyőképek\Képernyőképek\Főmenü.JPG",jpg,3241469,Cégcsoport felmérése
"Cégcsoport felmérése\Személyes találkozó összefoglalók, kapott dokumentumok, képernyőképek\Képernyőképek\Havi tabló.JPG",jpg,2863745,Cégcsoport felmérése
"Cégcsoport felmérése\Személyes találkozó összefoglalók, kapott dokumentumok, képernyőképek\Képernyőképek\Kezelési költségek.JPG",jpg,3667710,Cégcsoport felmérése
"Cégcsoport felmérése\Személyes találkozó összefoglalók, kapott dokumentumok, képernyőképek\Képernyőképek\Képernyőképek - Munkavállaló különbségek\Állampolgárság.png",png,108167,Cégcsoport felmérése
"Cégcsoport felmérése\Személyes találkozó összefoglalók, kapott dokumentumok, képernyőképek\Képernyőképek\Képernyőképek - Munkavállaló különbségek\Bizonyítvány számok.png",png,80513,Cégcsoport felmérése
"Cégcsoport felmérése\Személyes találkozó összefoglalók, kapott dokumentumok, képernyőképek\Képernyőképek\Képernyőképek - Munkavállaló különbségek\Egyedi jel.png",png,97142,Cégcsoport felmérése
"Cégcsoport felmérése\Személyes találkozó összefoglalók, kapott dokumentumok, képernyőképek\Képernyőképek\Képernyőképek - Munkavállaló különbségek\Felhasználónév.png",png,101193,Cégcsoport felmérése
"Cégcsoport felmérése\Személyes találkozó összefoglalók, kapott dokumentumok, képernyőképek\Képernyőképek\Képernyőképek - Munkavállaló különbségek\Jelszó.png",png,100498,Cégcsoport felmérése
"Cégcsoport felmérése\Személyes találkozó összefoglalók, kapott dokumentumok, képernyőképek\Képernyőképek\Képernyőképek - Munkavállaló különbségek\Kód.png",png,104758,Cégcsoport felmérése
"Cégcsoport felmérése\Személyes találkozó összefoglalók, kapott dokumentumok, képernyőképek\Képernyőképek\Képernyőképek - Munkavállaló különbségek\Munkaügyi adatok, Fiókok, Jogosultságok.png",png,97782,Cégcsoport felmérése
"Cégcsoport felmérése\Személyes találkozó összefoglalók, kapott dokumentumok, képernyőképek\Képernyőképek\Képernyőképek - Munkavállaló különbségek\Szabadságok, Gyerekek.png",png,89982,Cégcsoport felmérése
"Cégcsoport felmérése\Személyes találkozó összefoglalók, kapott dokumentumok, képernyőképek\Képernyőképek\Képernyőképek - Munkavállaló különbségek\Üzemorvosi vizsgálat.png",png,124442,Cégcsoport felmérése
"Cégcsoport felmérése\Személyes találkozó összefoglalók, kapott dokumentumok, képernyőképek\Képernyőképek\Különféle listák menü .jpeg",jpeg,146293,Cégcsoport felmérése
"Cégcsoport felmérése\Személyes találkozó összefoglalók, kapott dokumentumok, képernyőképek\Képernyőképek\Messenger_creation_2379dd5f-04ce-4683-8347-41c85e1e7153.jpeg",jpeg,119718,Cégcsoport felmérése
"Cégcsoport felmérése\Személyes találkozó összefoglalók, kapott dokumentumok, képernyőképek\Képernyőképek\Messenger_creation_26016104-5f16-4310-b260-ca580f7d7714.jpeg",jpeg,209192,Cégcsoport felmérése
"Cégcsoport felmérése\Személyes találkozó összefoglalók, kapott dokumentumok, képernyőképek\Képernyőképek\Messenger_creation_2ecc1a32-0d7e-4955-9c79-40dd7aa746a3.jpeg",jpeg,105939,Cégcsoport felmérése
"Cégcsoport felmérése\Személyes találkozó összefoglalók, kapott dokumentumok, képernyőképek\Képernyőképek\Messenger_creation_395d793b-80d1-490d-b777-a3b997ce5c52.jpeg",jpeg,194083,Cégcsoport felmérése
"Cégcsoport felmérése\Személyes találkozó összefoglalók, kapott dokumentumok, képernyőképek\Képernyőképek\Messenger_creation_490e4846-3506-4d7a-b2a4-66ac739f016c.jpeg",jpeg,141481,Cégcsoport felmérése
"Cégcsoport felmérése\Személyes találkozó összefoglalók, kapott dokumentumok, képernyőképek\Képernyőképek\Messenger_creation_53216ab7-60e7-4c64-9c7c-9b28a7c3390e.jpeg",jpeg,189043,Cégcsoport felmérése
"Cégcsoport felmérése\Személyes találkozó összefoglalók, kapott dokumentumok, képernyőképek\Képernyőképek\Messenger_creation_da19dd8d-fc37-48a3-8891-c40fba16cbf2.jpeg",jpeg,159456,Cégcsoport felmérése
"Cégcsoport felmérése\Személyes találkozó összefoglalók, kapott dokumentumok, képernyőképek\Képernyőképek\Messenger_creation_f00c9b01-9af7-4673-99a7-a549ef5351f8.jpeg",jpeg,174474,Cégcsoport felmérése
"Cégcsoport felmérése\Személyes találkozó összefoglalók, kapott dokumentumok, képernyőképek\Képernyőképek\Napi összefoglaló (X).jpeg",jpeg,146685,Cégcsoport felmérése
"Cégcsoport felmérése\Személyes találkozó összefoglalók, kapott dokumentumok, képernyőképek\Képernyőképek\Összesített pénztárforgalom lekérdező menü.jpeg",jpeg,135476,Cégcsoport felmérése
"Cégcsoport felmérése\Személyes találkozó összefoglalók, kapott dokumentumok, képernyőképek\Képernyőképek\Pénz átvétele egy egységtől menü .jpeg",jpeg,257429,Cégcsoport felmérése
"Cégcsoport felmérése\Személyes találkozó összefoglalók, kapott dokumentumok, képernyőképek\Képernyőképek\Pénztár választása 2..JPG",jpg,2592404,Cégcsoport felmérése
"Cégcsoport felmérése\Személyes találkozó összefoglalók, kapott dokumentumok, képernyőképek\Képernyőképek\Pénztár választása.JPG",jpg,2800949,Cégcsoport felmérése
"Cégcsoport felmérése\Személyes találkozó összefoglalók, kapott dokumentumok, képernyőképek\Képernyőképek\Pénztárak karbantartása .jpeg",jpeg,195293,Cégcsoport felmérése
"Cégcsoport felmérése\Személyes találkozó összefoglalók, kapott dokumentumok, képernyőképek\Képernyőképek\Pénztárak karbantartása 2.jpeg",jpeg,157504,Cégcsoport felmérése
"Cégcsoport felmérése\Személyes találkozó összefoglalók, kapott dokumentumok, képernyőképek\Képernyőképek\Pénztárak közötti pénzforgalom főmenüje.jpeg",jpeg,221681,Cégcsoport felmérése
"Cégcsoport felmérése\Személyes találkozó összefoglalók, kapott dokumentumok, képernyőképek\Képernyőképek\Pénztárak közötti szállításhoz.jpeg",jpeg,283881,Cégcsoport felmérése
"Cégcsoport felmérése\Személyes találkozó összefoglalók, kapott dokumentumok, képernyőképek\Képernyőképek\Pénztárátvétele egy egységtől menü2.jpeg",jpeg,238074,Cégcsoport felmérése
"Cégcsoport felmérése\Személyes találkozó összefoglalók, kapott dokumentumok, képernyőképek\Képernyőképek\Pillanatnyi pénztár állás kimutatása2 .jpeg",jpeg,92821,Cégcsoport felmérése
"Cégcsoport felmérése\Személyes találkozó összefoglalók, kapott dokumentumok, képernyőképek\Képernyőképek\Pillanatnyi pénztárállás kimutatása.jpeg",jpeg,89532,Cégcsoport felmérése
"Cégcsoport felmérése\Személyes találkozó összefoglalók, kapott dokumentumok, képernyőképek\Képernyőképek\Szállítás pénztárak között menü.jpeg",jpeg,277988,Cégcsoport felmérése
"Cégcsoport felmérése\Személyes találkozó összefoglalók, kapott dokumentumok, képernyőképek\Képernyőképek\Társpénztár kiválasztása új pénztár felvétele.jpeg",jpeg,217848,Cégcsoport felmérése
"Cégcsoport felmérése\Személyes találkozó összefoglalók, kapott dokumentumok, képernyőképek\nyomtató.jpg",jpg,393543,Cégcsoport felmérése
Delphi Licence árak.xlsx,xlsx,6722,Delphi Licence árak.xlsx
Hálózati és számítógép felmérés\Dokumentumok hálózati és számítógép felméréshez\Békéscsaba Kliens.docx,docx,1459322,Hálózati és számítógép felmérés
Hálózati és számítógép felmérés\Dokumentumok hálózati és számítógép felméréshez\Békéscsaba Zálog.docx,docx,1231334,Hálózati és számítógép felmérés
Hálózati és számítógép felmérés\Dokumentumok hálózati és számítógép felméréshez\Debrecen hátsó vezetői gép.docx,docx,177424,Hálózati és számítógép felmérés
Hálózati és számítógép felmérés\Dokumentumok hálózati és számítógép felméréshez\Debrecen zálog kliensgép.docx,docx,93196,Hálózati és számítógép felmérés
Hálózati és számítógép felmérés\Dokumentumok hálózati és számítógép felméréshez\Debrecen zálog szerver gép(1).docx,docx,141003,Hálózati és számítógép felmérés
Hálózati és számítógép felmérés\Dokumentumok hálózati és számítógép felméréshez\Debrecen zálog szerver gép.docx,docx,141003,Hálózati és számítógép felmérés
Hálózati és számítógép felmérés\Dokumentumok hálózati és számítógép felméréshez\Dombóvár hátsó gép(1).docx,docx,212072,Hálózati és számítógép felmérés
Hálózati és számítógép felmérés\Dokumentumok hálózati és számítógép felméréshez\Dombóvár hátsó gép(2).docx,docx,212072,Hálózati és számítógép felmérés
Hálózati és számítógép felmérés\Dokumentumok hálózati és számítógép felméréshez\Dombóvár hátsó gép.docx,docx,212072,Hálózati és számítógép felmérés
Hálózati és számítógép felmérés\Dokumentumok hálózati és számítógép felméréshez\Dombóvár zálog fő gép(1).docx,docx,207009,Hálózati és számítógép felmérés
Hálózati és számítógép felmérés\Dokumentumok hálózati és számítógép felméréshez\Dombóvár zálog fő gép.docx,docx,207009,Hálózati és számítógép felmérés
Hálózati és számítógép felmérés\Dokumentumok hálózati és számítógép felméréshez\Dombóvár zálog kliens.docx,docx,198166,Hálózati és számítógép felmérés
Hálózati és számítógép felmérés\Dokumentumok hálózati és számítógép felméréshez\Fehérgyarmat Zálog.docx,docx,141271,Hálózati és számítógép felmérés
Hálózati és számítógép felmérés\Dokumentumok hálózati és számítógép felméréshez\Fehérgyarmat kereskedelmi gép.docx,docx,135568,Hálózati és számítógép felmérés
Hálózati és számítógép felmérés\Dokumentumok hálózati és számítógép felméréshez\Hódmezővásárhely Zálog.docx,docx,128735,Hálózati és számítógép felmérés
Hálózati és számítógép felmérés\Dokumentumok hálózati és számítógép felméréshez\Kaposvár Zálog kliens gép.docx,docx,252765,Hálózati és számítógép felmérés
Hálózati és számítógép felmérés\Dokumentumok hálózati és számítógép felméréshez\Kaposvár admin pc(1).docx,docx,263399,Hálózati és számítógép felmérés
Hálózati és számítógép felmérés\Dokumentumok hálózati és számítógép felméréshez\Kaposvár admin pc(2).docx,docx,263399,Hálózati és számítógép felmérés
Hálózati és számítógép felmérés\Dokumentumok hálózati és számítógép felméréshez\Kaposvár admin pc.docx,docx,263399,Hálózati és számítógép felmérés
Hálózati és számítógép felmérés\Dokumentumok hálózati és számítógép felméréshez\Kecskemét Vezetői gép.docx,docx,199458,Hálózati és számítógép felmérés
Hálózati és számítógép felmérés\Dokumentumok hálózati és számítógép felméréshez\Kisvárda vezetői gép.docx,docx,1136176,Hálózati és számítógép felmérés
Hálózati és számítógép felmérés\Dokumentumok hálózati és számítógép felméréshez\Komló Vezetői gép.docx,docx,228377,Hálózati és számítógép felmérés
Hálózati és számítógép felmérés\Dokumentumok hálózati és számítógép felméréshez\Mátészalka Zálog kliens(1).docx,docx,224431,Hálózati és számítógép felmérés
Hálózati és számítógép felmérés\Dokumentumok hálózati és számítógép felméréshez\Mátészalka Zálog kliens.docx,docx,224431,Hálózati és számítógép felmérés
Hálózati és számítógép felmérés\Dokumentumok hálózati és számítógép felméréshez\Nyíregyháza Zálog kliens.docx,docx,171447,Hálózati és számítógép felmérés
Hálózati és számítógép felmérés\Dokumentumok hálózati és számítógép felméréshez\Nyíregyháza Zálog server.docx,docx,172773,Hálózati és számítógép felmérés
Hálózati és számítógép felmérés\Dokumentumok hálózati és számítógép felméréshez\Pécs Diana Andi hátsó gép DELL.docx,docx,105769,Hálózati és számítógép felmérés
Hálózati és számítógép felmérés\Dokumentumok hálózati és számítógép felméréshez\Pécs Diana Norbi laptopja.docx,docx,106831,Hálózati és számítógép felmérés
Hálózati és számítógép felmérés\Dokumentumok hálózati és számítógép felméréshez\Pécs Diana Zálog szerver.docx,docx,113373,Hálózati és számítógép felmérés
Hálózati és számítógép felmérés\Dokumentumok hálózati és számítógép felméréshez\Pécs Rákóczi Vezetői gép(1).docx,docx,261828,Hálózati és számítógép felmérés
Hálózati és számítógép felmérés\Dokumentumok hálózati és számítógép felméréshez\Pécs Rákóczi Vezetői gép.docx,docx,261828,Hálózati és számítógép felmérés
Hálózati és számítógép felmérés\Dokumentumok hálózati és számítógép felméréshez\Pécs Ybl Vezetőségi gép.docx,docx,216678,Hálózati és számítógép felmérés
Hálózati és számítógép felmérés\Dokumentumok hálózati és számítógép felméréshez\Pécs Ybl becsüsi gép.docx,docx,102813,Hálózati és számítógép felmérés
Hálózati és számítógép felmérés\Dokumentumok hálózati és számítógép felméréshez\Szeged kereskedelem.docx,docx,352022,Hálózati és számítógép felmérés
Hálózati és számítógép felmérés\Dokumentumok hálózati és számítógép felméréshez\Szekszárd Ékszerbolt(1).docx,docx,230280,Hálózati és számítógép felmérés
Hálózati és számítógép felmérés\Dokumentumok hálózati és számítógép felméréshez\Szekszárd Ékszerbolt.docx,docx,230280,Hálózati és számítógép felmérés
Hálózati és számítógép felmérés\Dokumentumok hálózati és számítógép felméréshez\Szolnok vezetőségi gép.docx,docx,1597963,Hálózati és számítógép felmérés
"Kósa Szervezés\Cégcsoport felmérése\Árfolyamkészítő programról\0-s lap, alapárfolyamok.jpg",jpg,592133,Kósa Szervezés
Kósa Szervezés\Cégcsoport felmérése\Árfolyamkészítő programról\Árfolyamok szétküldése log_.jpg,jpg,550177,Kósa Szervezés
Kósa Szervezés\Cégcsoport felmérése\Árfolyamkészítő programról\Csoport karbantartó 2.jpg,jpg,659003,Kósa Szervezés
"Kósa Szervezés\Cégcsoport felmérése\Árfolyamkészítő programról\Csoport, nem kézzel állítós hanem a 0-s árfolyamlapról töltődik.png",png,1228241,Kósa Szervezés
Kósa Szervezés\Cégcsoport felmérése\Árfolyamkészítő programról\Csoportok karbantartó.jpg,jpg,569775,Kósa Szervezés
Kósa Szervezés\Cégcsoport felmérése\Árfolyamkészítő programról\Követelménylista - Árfolyamkészítés.docx,docx,10502,Kósa Szervezés
Kósa Szervezés\Cégcsoport felmérése\Igényfelmérési interjú\Kósa cégcsoport első igényfelmérési kérdések.docx,docx,848766,Kósa Szervezés
Kósa Szervezés\Cégcsoport felmérése\Igényfelmérési interjú\RSL 2. Igényfelmérési interjú összefoglaló 2024.02.15_.docx,docx,863274,Kósa Szervezés
Kósa Szervezés\Cégcsoport felmérése\Igényfelmérési interjú\RSL Igényfelmérési interjú összefoglaló 2024.02.12_.docx,docx,860124,Kósa Szervezés
Kósa Szervezés\Cégcsoport felmérése\RSL – EXZ + EXV üzemeltetési megbeszélés 2024. 03. 22_.docx,docx,302045,Kósa Szervezés
"Kósa Szervezés\Cégcsoport felmérése\Személyes találkozó összefoglalók, kapott dokumentumok, képernyőképek\Bizonylatok\2024. március. 1. havi dekádzárás.jpeg",jpeg,4038593,Kósa Szervezés
"Kósa Szervezés\Cégcsoport felmérése\Személyes találkozó összefoglalók, kapott dokumentumok, képernyőképek\Bizonylatok\Áfolyam nyomtatás _ Pénztárosi nyilatkozat.jpg",jpg,1385522,Kósa Szervezés
"Kósa Szervezés\Cégcsoport felmérése\Személyes találkozó összefoglalók, kapott dokumentumok, képernyőképek\Bizonylatok\Extra tranzakciós díjak _ Foglaló _ Pénztári adatlap.jpg",jpg,683008,Kósa Szervezés
"Kósa Szervezés\Cégcsoport felmérése\Személyes találkozó összefoglalók, kapott dokumentumok, képernyőképek\Bizonylatok\Foglaló bizonylatok.jpg",jpg,475576,Kósa Szervezés
"Kósa Szervezés\Cégcsoport felmérése\Személyes találkozó összefoglalók, kapott dokumentumok, képernyőképek\Bizonylatok\Forint átvételi bizonylat.jpg",jpg,1059551,Kósa Szervezés
"Kósa Szervezés\Cégcsoport felmérése\Személyes találkozó összefoglalók, kapott dokumentumok, képernyőképek\Bizonylatok\Havi zárás 2_.jpg",jpg,1713943,Kósa Szervezés
"Kósa Szervezés\Cégcsoport felmérése\Személyes találkozó összefoglalók, kapott dokumentumok, képernyőképek\Bizonylatok\Havi zárás.jpg",jpg,1613686,Kósa Szervezés
"Kósa Szervezés\Cégcsoport felmérése\Személyes találkozó összefoglalók, kapott dokumentumok, képernyőképek\Bizonylatok\KKTG átadás és átvétel copy.jpg",jpg,1872459,Kósa Szervezés
"Kósa Szervezés\Cégcsoport felmérése\Személyes találkozó összefoglalók, kapott dokumentumok, képernyőképek\Bizonylatok\KKTG átadás és átvétel.jpg",jpg,1376714,Kósa Szervezés
"Kósa Szervezés\Cégcsoport felmérése\Személyes találkozó összefoglalók, kapott dokumentumok, képernyőképek\Bizonylatok\Kezelési költség dekádzárása és Pénztári átadás.jpg",jpg,1160246,Kósa Szervezés
"Kósa Szervezés\Cégcsoport felmérése\Személyes találkozó összefoglalók, kapott dokumentumok, képernyőképek\Bizonylatok\Napi zárás.jpg",jpg,1628627,Kósa Szervezés
"Kósa Szervezés\Cégcsoport felmérése\Személyes találkozó összefoglalók, kapott dokumentumok, képernyőképek\Bizonylatok\Pénztár állás.jpg",jpg,3026566,Kósa Szervezés
"Kósa Szervezés\Cégcsoport felmérése\Személyes találkozó összefoglalók, kapott dokumentumok, képernyőképek\Bizonylatok\Pénztári átadás 2.jpg",jpg,2940158,Kósa Szervezés
"Kósa Szervezés\Cégcsoport felmérése\Személyes találkozó összefoglalók, kapott dokumentumok, képernyőképek\Bizonylatok\Zárás-Értéktár.jpeg",jpeg,6333970,Kósa Szervezés
"Kósa Szervezés\Cégcsoport felmérése\Személyes találkozó összefoglalók, kapott dokumentumok, képernyőképek\Bizonylatok\kktg átadás átvétel II copy.jpg",jpg,2112664,Kósa Szervezés
"Kósa Szervezés\Cégcsoport felmérése\Személyes találkozó összefoglalók, kapott dokumentumok, képernyőképek\Bizonylatok\kktg átadás átvétel II.jpg",jpg,1991519,Kósa Szervezés
"Kósa Szervezés\Cégcsoport felmérése\Személyes találkozó összefoglalók, kapott dokumentumok, képernyőképek\Bizonylatok\pénztári átvétel.jpeg",jpeg,3829843,Kósa Szervezés
"Kósa Szervezés\Cégcsoport felmérése\Személyes találkozó összefoglalók, kapott dokumentumok, képernyőképek\Dokumentumok\AcAtlagarf.xlsx",xlsx,16384,Kósa Szervezés
"Kósa Szervezés\Cégcsoport felmérése\Személyes találkozó összefoglalók, kapott dokumentumok, képernyőképek\Dokumentumok\Atlagarfolyam.xlsx",xlsx,35840,Kósa Szervezés
"Kósa Szervezés\Cégcsoport felmérése\Személyes találkozó összefoglalók, kapott dokumentumok, képernyőképek\Dokumentumok\Áfa, kktg  2024 10 09 hó.xlsx",xlsx,236544,Kósa Szervezés
"Kósa Szervezés\Cégcsoport felmérése\Személyes találkozó összefoglalók, kapott dokumentumok, képernyőképek\Dokumentumok\Banki import TXT fájl ügyfeles ZÁLOG ZA20241029.csv",csv,6802,Kósa Szervezés
"Kósa Szervezés\Cégcsoport felmérése\Személyes találkozó összefoglalók, kapott dokumentumok, képernyőképek\Dokumentumok\EXZ haszon pt 202409 hó.xlsx",xlsx,9728,Kósa Szervezés
"Kósa Szervezés\Cégcsoport felmérése\Személyes találkozó összefoglalók, kapott dokumentumok, képernyőképek\Dokumentumok\Expressz Ékszerház és Minibank Kft forgalom 202409 hó.ods",ods,155344,Kósa Szervezés
"Kósa Szervezés\Cégcsoport felmérése\Személyes találkozó összefoglalók, kapott dokumentumok, képernyőképek\Dokumentumok\Forgalmak 2015-2024.ods",ods,821581,Kósa Szervezés
"Kósa Szervezés\Cégcsoport felmérése\Személyes találkozó összefoglalók, kapott dokumentumok, képernyőképek\Dokumentumok\Forgalmi és készlet jelentés ZÁLOG ZM241024.txt",txt,15679,Kósa Szervezés
"Kósa Szervezés\Cégcsoport felmérése\Személyes találkozó összefoglalók, kapott dokumentumok, képernyőképek\Dokumentumok\Forgalom 2024.09.xlsx",xlsx,74563,Kósa Szervezés
"Kósa Szervezés\Cégcsoport felmérése\Személyes találkozó összefoglalók, kapott dokumentumok, képernyőképek\Dokumentumok\Havi átadás-átvétel kimutatás.xlsx",xlsx,57508,Kósa Szervezés
"Kósa Szervezés\Cégcsoport felmérése\Személyes találkozó összefoglalók, kapott dokumentumok, képernyőképek\Dokumentumok\Havi forgalom Békéscsaba körzet összesen.jpg",jpg,1926307,Kósa Szervezés
"Kósa Szervezés\Cégcsoport felmérése\Személyes találkozó összefoglalók, kapott dokumentumok, képernyőképek\Dokumentumok\KEZD2410.xlsx",xlsx,41984,Kósa Szervezés
"Kósa Szervezés\Cégcsoport felmérése\Személyes találkozó összefoglalók, kapott dokumentumok, képernyőképek\Dokumentumok\Kezelési költség jelentés.jpg",jpg,2129693,Kósa Szervezés
"Kósa Szervezés\Cégcsoport felmérése\Személyes találkozó összefoglalók, kapott dokumentumok, képernyőképek\Dokumentumok\Készletek 2024 09 hó.xlsx",xlsx,93184,Kósa Szervezés
"Kósa Szervezés\Cégcsoport felmérése\Személyes találkozó összefoglalók, kapott dokumentumok, képernyőképek\Dokumentumok\Napi pénztár jelentés.jpg",jpg,1409556,Kósa Szervezés
"Kósa Szervezés\Cégcsoport felmérése\Személyes találkozó összefoglalók, kapott dokumentumok, képernyőképek\Dokumentumok\P91.TXT",txt,32657,Kósa Szervezés
"Kósa Szervezés\Cégcsoport felmérése\Személyes találkozó összefoglalók, kapott dokumentumok, képernyőképek\Dokumentumok\Terrorlista2008.txt",txt,190126,Kósa Szervezés
"Kósa Szervezés\Cégcsoport felmérése\Személyes találkozó összefoglalók, kapott dokumentumok, képernyőképek\Dokumentumok\Ügyfeles jelentés_ BE20241026.csv",csv,30254,Kósa Szervezés
"Kósa Szervezés\Cégcsoport felmérése\Személyes találkozó összefoglalók, kapott dokumentumok, képernyőképek\Dokumentumok\Zálog kk 202409 hó.xlsx",xlsx,44544,Kósa Szervezés
"Kósa Szervezés\Cégcsoport felmérése\Személyes találkozó összefoglalók, kapott dokumentumok, képernyőképek\Hangfelvételek\Hang 002_sd.m4a",m4a,171904469,Kósa Szervezés
"Kósa Szervezés\Cégcsoport felmérése\Személyes találkozó összefoglalók, kapott dokumentumok, képernyőképek\Hangfelvételek\Hang 003_sd.m4a",m4a,10213939,Kósa Szervezés
"Kósa Szervezés\Cégcsoport felmérése\Személyes találkozó összefoglalók, kapott dokumentumok, képernyőképek\Hangfelvételek\Hang 004_sd.m4a",m4a,84253766,Kósa Szervezés
"Kósa Szervezés\Cégcsoport felmérése\Személyes találkozó összefoglalók, kapott dokumentumok, képernyőképek\Hangfelvételek\Hang 005_sd.m4a",m4a,42950790,Kósa Szervezés
"Kósa Szervezés\Cégcsoport felmérése\Személyes találkozó összefoglalók, kapott dokumentumok, képernyőképek\Képernyőképek\Beállítások csak jelszóval_ Kezelési költség számítások.jpeg",jpeg,226567,Kósa Szervezés
"Kósa Szervezés\Cégcsoport felmérése\Személyes találkozó összefoglalók, kapott dokumentumok, képernyőképek\Képernyőképek\Beállítások csak jelszóval_ alapfunkció.jpeg",jpeg,120447,Kósa Szervezés
"Kósa Szervezés\Cégcsoport felmérése\Személyes találkozó összefoglalók, kapott dokumentumok, képernyőképek\Képernyőképek\Beállítások csak jelszóval_ futófény beállítások.jpeg",jpeg,155690,Kósa Szervezés
"Kósa Szervezés\Cégcsoport felmérése\Személyes találkozó összefoglalók, kapott dokumentumok, képernyőképek\Képernyőképek\Beállítások külön jelszóval_ Alapfunkciók.jpeg",jpeg,115381,Kósa Szervezés
"Kósa Szervezés\Cégcsoport felmérése\Személyes találkozó összefoglalók, kapott dokumentumok, képernyőképek\Képernyőképek\Beállítások külön jelszóval_ Alkalmazások .jpeg",jpeg,224694,Kósa Szervezés
"Kósa Szervezés\Cégcsoport felmérése\Személyes találkozó összefoglalók, kapott dokumentumok, képernyőképek\Képernyőképek\Beállítások külön jelszóval_ Árfolyam kijelző beállításai.jpeg",jpeg,204854,Kósa Szervezés
"Kósa Szervezés\Cégcsoport felmérése\Személyes találkozó összefoglalók, kapott dokumentumok, képernyőképek\Képernyőképek\Beállítások külön jelszóval_ Bankkártyás fizetések.jpeg",jpeg,118573,Kósa Szervezés
"Kósa Szervezés\Cégcsoport felmérése\Személyes találkozó összefoglalók, kapott dokumentumok, képernyőképek\Képernyőképek\Beállítások külön jelszóval_ IP cím beállítás.jpeg",jpeg,151005,Kósa Szervezés
"Kósa Szervezés\Cégcsoport felmérése\Személyes találkozó összefoglalók, kapott dokumentumok, képernyőképek\Képernyőképek\Beállítások külön jelszóval_ Jelszó beállítások napi jelentéshez.jpg",jpg,167153,Kósa Szervezés
"Kósa Szervezés\Cégcsoport felmérése\Személyes találkozó összefoglalók, kapott dokumentumok, képernyőképek\Képernyőképek\Beállítások külön jelszóval_ adatok beküldése a szerverre.jpeg",jpeg,158385,Kósa Szervezés
"Kósa Szervezés\Cégcsoport felmérése\Személyes találkozó összefoglalók, kapott dokumentumok, képernyőképek\Képernyőképek\Beállítások külön jelszóval_ nyomtató beállítás.jpeg",jpeg,150938,Kósa Szervezés
"Kósa Szervezés\Cégcsoport felmérése\Személyes találkozó összefoglalók, kapott dokumentumok, képernyőképek\Képernyőképek\Beállítások külön jelszóval_ szkenner beállítás.jpeg",jpeg,136049,Kósa Szervezés
"Kósa Szervezés\Cégcsoport felmérése\Személyes találkozó összefoglalók, kapott dokumentumok, képernyőképek\Képernyőképek\Beállítások menü külön jelszóval.jpeg",jpeg,123670,Kósa Szervezés
"Kósa Szervezés\Cégcsoport felmérése\Személyes találkozó összefoglalók, kapott dokumentumok, képernyőképek\Képernyőképek\Bizonylatok szűrése.jpeg",jpeg,222876,Kósa Szervezés
"Kósa Szervezés\Cégcsoport felmérése\Személyes találkozó összefoglalók, kapott dokumentumok, képernyőképek\Képernyőképek\Bizonylatok szűrése2.jpeg",jpeg,199158,Kósa Szervezés
"Kósa Szervezés\Cégcsoport felmérése\Személyes találkozó összefoglalók, kapott dokumentumok, képernyőképek\Képernyőképek\Cimletezés menü.jpeg",jpeg,119652,Kósa Szervezés
"Kósa Szervezés\Cégcsoport felmérése\Személyes találkozó összefoglalók, kapott dokumentumok, képernyőképek\Képernyőképek\Címletezés - Zárások napi pénztárzárás.jpeg",jpeg,114750,Kósa Szervezés
"Kósa Szervezés\Cégcsoport felmérése\Személyes találkozó összefoglalók, kapott dokumentumok, képernyőképek\Képernyőképek\Címletezés -Zárások menü.jpeg",jpeg,129275,Kósa Szervezés
"Kósa Szervezés\Cégcsoport felmérése\Személyes találkozó összefoglalók, kapott dokumentumok, képernyőképek\Képernyőképek\Címletezés Zárások - Cimletezés.JPG",jpg,4141057,Kósa Szervezés
"Kósa Szervezés\Cégcsoport felmérése\Személyes találkozó összefoglalók, kapott dokumentumok, képernyőképek\Képernyőképek\Címletezés nyomtatása.jpeg",jpeg,165807,Kósa Szervezés
"Kósa Szervezés\Cégcsoport felmérése\Személyes találkozó összefoglalók, kapott dokumentumok, képernyőképek\Képernyőképek\Dekédzárás.jpeg",jpeg,161869,Kósa Szervezés
"Kósa Szervezés\Cégcsoport felmérése\Személyes találkozó összefoglalók, kapott dokumentumok, képernyőképek\Képernyőképek\ERB Egyedi kötés.JPG",jpg,3720835,Kósa Szervezés
"Kósa Szervezés\Cégcsoport felmérése\Személyes találkozó összefoglalók, kapott dokumentumok, képernyőképek\Képernyőképek\Egyéb feladatok menü(1).jpeg",jpeg,190118,Kósa Szervezés
"Kósa Szervezés\Cégcsoport felmérése\Személyes találkozó összefoglalók, kapott dokumentumok, képernyőképek\Képernyőképek\Egyéb feladatok menü.jpeg",jpeg,215671,Kósa Szervezés
"Kósa Szervezés\Cégcsoport felmérése\Személyes találkozó összefoglalók, kapott dokumentumok, képernyőképek\Képernyőképek\Értéktári zárás előtti check list.JPG",jpg,4512123,Kósa Szervezés
"Kósa Szervezés\Cégcsoport felmérése\Személyes találkozó összefoglalók, kapott dokumentumok, képernyőképek\Képernyőképek\Értéktári zárást ellenőrző személy adatai.JPG",jpg,2028841,Kósa Szervezés
"Kósa Szervezés\Cégcsoport felmérése\Személyes találkozó összefoglalók, kapott dokumentumok, képernyőképek\Képernyőképek\Főmenü 2.JPG",jpg,2999644,Kósa Szervezés
"Kósa Szervezés\Cégcsoport felmérése\Személyes találkozó összefoglalók, kapott dokumentumok, képernyőképek\Képernyőképek\Főmenü.JPG",jpg,3241469,Kósa Szervezés
"Kósa Szervezés\Cégcsoport felmérése\Személyes találkozó összefoglalók, kapott dokumentumok, képernyőképek\Képernyőképek\Havi tabló.JPG",jpg,2863745,Kósa Szervezés
"Kósa Szervezés\Cégcsoport felmérése\Személyes találkozó összefoglalók, kapott dokumentumok, képernyőképek\Képernyőképek\Kezelési költségek címletezése.jpeg",jpeg,167427,Kósa Szervezés
"Kósa Szervezés\Cégcsoport felmérése\Személyes találkozó összefoglalók, kapott dokumentumok, képernyőképek\Képernyőképek\Kezelési költségek.JPG",jpg,3667710,Kósa Szervezés
"Kósa Szervezés\Cégcsoport felmérése\Személyes találkozó összefoglalók, kapott dokumentumok, képernyőképek\Képernyőképek\Képernyőképek - Munkavállaló különbségek\Állampolgárság.png",png,108167,Kósa Szervezés
"Kósa Szervezés\Cégcsoport felmérése\Személyes találkozó összefoglalók, kapott dokumentumok, képernyőképek\Képernyőképek\Képernyőképek - Munkavállaló különbségek\Bizonyítvány számok.png",png,80513,Kósa Szervezés
"Kósa Szervezés\Cégcsoport felmérése\Személyes találkozó összefoglalók, kapott dokumentumok, képernyőképek\Képernyőképek\Képernyőképek - Munkavállaló különbségek\Egyedi jel.png",png,97142,Kósa Szervezés
"Kósa Szervezés\Cégcsoport felmérése\Személyes találkozó összefoglalók, kapott dokumentumok, képernyőképek\Képernyőképek\Képernyőképek - Munkavállaló különbségek\Felhasználónév.png",png,101193,Kósa Szervezés
"Kósa Szervezés\Cégcsoport felmérése\Személyes találkozó összefoglalók, kapott dokumentumok, képernyőképek\Képernyőképek\Képernyőképek - Munkavállaló különbségek\Jelszó.png",png,100498,Kósa Szervezés
"Kósa Szervezés\Cégcsoport felmérése\Személyes találkozó összefoglalók, kapott dokumentumok, képernyőképek\Képernyőképek\Képernyőképek - Munkavállaló különbségek\Kód.png",png,104758,Kósa Szervezés
"Kósa Szervezés\Cégcsoport felmérése\Személyes találkozó összefoglalók, kapott dokumentumok, képernyőképek\Képernyőképek\Képernyőképek - Munkavállaló különbségek\Munkaügyi adatok, Fiókok, Jogosultságok.png",png,97782,Kósa Szervezés
"Kósa Szervezés\Cégcsoport felmérése\Személyes találkozó összefoglalók, kapott dokumentumok, képernyőképek\Képernyőképek\Képernyőképek - Munkavállaló különbségek\Szabadságok, Gyerekek.png",png,89982,Kósa Szervezés
"Kósa Szervezés\Cégcsoport felmérése\Személyes találkozó összefoglalók, kapott dokumentumok, képernyőképek\Képernyőképek\Képernyőképek - Munkavállaló különbségek\Üzemorvosi vizsgálat.png",png,124442,Kósa Szervezés
"Kósa Szervezés\Cégcsoport felmérése\Személyes találkozó összefoglalók, kapott dokumentumok, képernyőképek\Képernyőképek\Különféle listák menü .jpeg",jpeg,146293,Kósa Szervezés
"Kósa Szervezés\Cégcsoport felmérése\Személyes találkozó összefoglalók, kapott dokumentumok, képernyőképek\Képernyőképek\Messenger_creation_2379dd5f-04ce-4683-8347-41c85e1e7153.jpeg",jpeg,119718,Kósa Szervezés
"Kósa Szervezés\Cégcsoport felmérése\Személyes találkozó összefoglalók, kapott dokumentumok, képernyőképek\Képernyőképek\Messenger_creation_26016104-5f16-4310-b260-ca580f7d7714.jpeg",jpeg,209192,Kósa Szervezés
"Kósa Szervezés\Cégcsoport felmérése\Személyes találkozó összefoglalók, kapott dokumentumok, képernyőképek\Képernyőképek\Messenger_creation_2ecc1a32-0d7e-4955-9c79-40dd7aa746a3.jpeg",jpeg,105939,Kósa Szervezés
"Kósa Szervezés\Cégcsoport felmérése\Személyes találkozó összefoglalók, kapott dokumentumok, képernyőképek\Képernyőképek\Messenger_creation_395d793b-80d1-490d-b777-a3b997ce5c52.jpeg",jpeg,194083,Kósa Szervezés
"Kósa Szervezés\Cégcsoport felmérése\Személyes találkozó összefoglalók, kapott dokumentumok, képernyőképek\Képernyőképek\Messenger_creation_490e4846-3506-4d7a-b2a4-66ac739f016c.jpeg",jpeg,141481,Kósa Szervezés
"Kósa Szervezés\Cégcsoport felmérése\Személyes találkozó összefoglalók, kapott dokumentumok, képernyőképek\Képernyőképek\Messenger_creation_53216ab7-60e7-4c64-9c7c-9b28a7c3390e.jpeg",jpeg,189043,Kósa Szervezés
"Kósa Szervezés\Cégcsoport felmérése\Személyes találkozó összefoglalók, kapott dokumentumok, képernyőképek\Képernyőképek\Messenger_creation_da19dd8d-fc37-48a3-8891-c40fba16cbf2.jpeg",jpeg,159456,Kósa Szervezés
"Kósa Szervezés\Cégcsoport felmérése\Személyes találkozó összefoglalók, kapott dokumentumok, képernyőképek\Képernyőképek\Messenger_creation_f00c9b01-9af7-4673-99a7-a549ef5351f8.jpeg",jpeg,174474,Kósa Szervezés
"Kósa Szervezés\Cégcsoport felmérése\Személyes találkozó összefoglalók, kapott dokumentumok, képernyőképek\Képernyőképek\Napi összefoglaló (X).jpeg",jpeg,146685,Kósa Szervezés
"Kósa Szervezés\Cégcsoport felmérése\Személyes találkozó összefoglalók, kapott dokumentumok, képernyőképek\Képernyőképek\Összesített pénztárforgalom lekérdező menü.jpeg",jpeg,135476,Kósa Szervezés
"Kósa Szervezés\Cégcsoport felmérése\Személyes találkozó összefoglalók, kapott dokumentumok, képernyőképek\Képernyőképek\Pénz átvétele egy egységtől menü .jpeg",jpeg,257429,Kósa Szervezés
"Kósa Szervezés\Cégcsoport felmérése\Személyes találkozó összefoglalók, kapott dokumentumok, képernyőképek\Képernyőképek\Pénztár választása 2..JPG",jpg,2592404,Kósa Szervezés
"Kósa Szervezés\Cégcsoport felmérése\Személyes találkozó összefoglalók, kapott dokumentumok, képernyőképek\Képernyőképek\Pénztár választása.JPG",jpg,2800949,Kósa Szervezés
"Kósa Szervezés\Cégcsoport felmérése\Személyes találkozó összefoglalók, kapott dokumentumok, képernyőképek\Képernyőképek\Pénztárak karbantartása .jpeg",jpeg,195293,Kósa Szervezés
"Kósa Szervezés\Cégcsoport felmérése\Személyes találkozó összefoglalók, kapott dokumentumok, képernyőképek\Képernyőképek\Pénztárak karbantartása 2.jpeg",jpeg,157504,Kósa Szervezés
"Kósa Szervezés\Cégcsoport felmérése\Személyes találkozó összefoglalók, kapott dokumentumok, képernyőképek\Képernyőképek\Pénztárak közötti forgalom főmenüje.jpeg",jpeg,169676,Kósa Szervezés
"Kósa Szervezés\Cégcsoport felmérése\Személyes találkozó összefoglalók, kapott dokumentumok, képernyőképek\Képernyőképek\Pénztárak közötti pénzforgalom főmenüje.jpeg",jpeg,221681,Kósa Szervezés
"Kósa Szervezés\Cégcsoport felmérése\Személyes találkozó összefoglalók, kapott dokumentumok, képernyőképek\Képernyőképek\Pénztárak közötti szállításhoz.jpeg",jpeg,283881,Kósa Szervezés
"Kósa Szervezés\Cégcsoport felmérése\Személyes találkozó összefoglalók, kapott dokumentumok, képernyőképek\Képernyőképek\Pénztárátvétele egy egységtől menü2.jpeg",jpeg,238074,Kósa Szervezés
"Kósa Szervezés\Cégcsoport felmérése\Személyes találkozó összefoglalók, kapott dokumentumok, képernyőképek\Képernyőképek\Pillanatnyi pénztár állás kimutatása2 .jpeg",jpeg,92821,Kósa Szervezés
"Kósa Szervezés\Cégcsoport felmérése\Személyes találkozó összefoglalók, kapott dokumentumok, képernyőképek\Képernyőképek\Pillanatnyi pénztárállás kimutatása.jpeg",jpeg,89532,Kósa Szervezés
"Kósa Szervezés\Cégcsoport felmérése\Személyes találkozó összefoglalók, kapott dokumentumok, képernyőképek\Képernyőképek\Szállítás pénztárak között menü.jpeg",jpeg,277988,Kósa Szervezés
"Kósa Szervezés\Cégcsoport felmérése\Személyes találkozó összefoglalók, kapott dokumentumok, képernyőképek\Képernyőképek\Társpénztár kiválasztása új pénztár felvétele.jpeg",jpeg,217848,Kósa Szervezés
"Kósa Szervezés\Cégcsoport felmérése\Személyes találkozó összefoglalók, kapott dokumentumok, képernyőképek\Képernyőképek\Tranzakció engedélyeztetése.jpeg",jpeg,110532,Kósa Szervezés
"Kósa Szervezés\Cégcsoport felmérése\Személyes találkozó összefoglalók, kapott dokumentumok, képernyőképek\Képernyőképek\Ügyfél országos ellenőrzése és engedély kérés tranzakciókra.jpeg",jpeg,163488,Kósa Szervezés
"Kósa Szervezés\Cégcsoport felmérése\Személyes találkozó összefoglalók, kapott dokumentumok, képernyőképek\Képernyőképek\Ügyfél országos ellenőrzése és tranzalció engedélyezése .jpeg",jpeg,116053,Kósa Szervezés
"Kósa Szervezés\Cégcsoport felmérése\Személyes találkozó összefoglalók, kapott dokumentumok, képernyőképek\Képernyőképek\Vásárlás email elküldve üzenet.jpeg",jpeg,158716,Kósa Szervezés
"Kósa Szervezés\Cégcsoport felmérése\Személyes találkozó összefoglalók, kapott dokumentumok, képernyőképek\nyomtató.jpg",jpg,393543,Kósa Szervezés
Kósa Szervezés\Cégcsoport felmérése\kerdesek.docx,docx,306875,Kósa Szervezés
Kósa Szervezés\Kósa cégcsoport fejlesztés lépései.docx,docx,86325,Kósa Szervezés
Kósa Szervezés\Követelmény lista\zalog_requirment.rqm,rqm,122578,Kósa Szervezés
Kósa Szervezés\Névtelen táblázat.xlsx,xlsx,4809,Kósa Szervezés
Kósa Szervezés\Specifikációk\Névtelen dokumentum.docx,docx,8764,Kósa Szervezés
Kósa Szervezés\Tematikus szótárak\jogi_angol-magyar.pdf,pdf,2059080,Kósa Szervezés
Kósa Szervezés\Tematikus szótárak\magyar-angol_nyelveszeti_szakszotar.pdf,pdf,1148416,Kósa Szervezés
Kósa Szervezés\c.docm,docm,905196,Kósa Szervezés
Kósa Szervezés\c.docm.docx,docx,2238986,Kósa Szervezés
Kósa Szervezés\képernyőképek 2024.10.24_\Szerver szolgáltatások.jpeg,jpeg,7601454,Kósa Szervezés
Kósa Szervezés\sztorno.docx,docx,142136,Kósa Szervezés
Kósa Szervezés\zaras_ablak.docx,docx,143265,Kósa Szervezés
Kósa Tervezés és fejlesztés\Bank API\API_bank.docx,docx,13893,Kósa Tervezés és fejlesztés
Kósa Tervezés és fejlesztés\Hálózati és számítógép felmérés\!zálog (1).xlsx,xlsx,59313,Kósa Tervezés és fejlesztés
Kósa Tervezés és fejlesztés\Hálózati és számítógép felmérés\Békéscsaba-20240318T082026Z-001.zip,zip,4067651,Kósa Tervezés és fejlesztés
Kósa Tervezés és fejlesztés\Hálózati és számítógép felmérés\Dokumentumok hálózati és számítógép felméréshez\Békéscsaba Kliens.docx,docx,1459322,Kósa Tervezés és fejlesztés
Kósa Tervezés és fejlesztés\Hálózati és számítógép felmérés\Dokumentumok hálózati és számítógép felméréshez\Békéscsaba Zálog.docx,docx,1231334,Kósa Tervezés és fejlesztés
Kósa Tervezés és fejlesztés\Hálózati és számítógép felmérés\Dokumentumok hálózati és számítógép felméréshez\Debrecen hátsó vezetői gép.docx,docx,177424,Kósa Tervezés és fejlesztés
Kósa Tervezés és fejlesztés\Hálózati és számítógép felmérés\Dokumentumok hálózati és számítógép felméréshez\Debrecen zálog kliensgép.docx,docx,93196,Kósa Tervezés és fejlesztés
Kósa Tervezés és fejlesztés\Hálózati és számítógép felmérés\Dokumentumok hálózati és számítógép felméréshez\Debrecen zálog szerver gép.docx,docx,141003,Kósa Tervezés és fejlesztés
Kósa Tervezés és fejlesztés\Hálózati és számítógép felmérés\Dokumentumok hálózati és számítógép felméréshez\Dombóvár hátsó gép.docx,docx,212072,Kósa Tervezés és fejlesztés
Kósa Tervezés és fejlesztés\Hálózati és számítógép felmérés\Dokumentumok hálózati és számítógép felméréshez\Dombóvár zálog fő gép.docx,docx,207009,Kósa Tervezés és fejlesztés
Kósa Tervezés és fejlesztés\Hálózati és számítógép felmérés\Dokumentumok hálózati és számítógép felméréshez\Dombóvár zálog kliens.docx,docx,198166,Kósa Tervezés és fejlesztés
Kósa Tervezés és fejlesztés\Hálózati és számítógép felmérés\Dokumentumok hálózati és számítógép felméréshez\Fehérgyarmat Zálog.docx,docx,141271,Kósa Tervezés és fejlesztés
Kósa Tervezés és fejlesztés\Hálózati és számítógép felmérés\Dokumentumok hálózati és számítógép felméréshez\Fehérgyarmat kereskedelmi gép.docx,docx,135568,Kósa Tervezés és fejlesztés
Kósa Tervezés és fejlesztés\Hálózati és számítógép felmérés\Dokumentumok hálózati és számítógép felméréshez\Hódmezővásárhely Zálog.docx,docx,128735,Kósa Tervezés és fejlesztés
Kósa Tervezés és fejlesztés\Hálózati és számítógép felmérés\Dokumentumok hálózati és számítógép felméréshez\Kaposvár Zálog kliens gép.docx,docx,252765,Kósa Tervezés és fejlesztés
Kósa Tervezés és fejlesztés\Hálózati és számítógép felmérés\Dokumentumok hálózati és számítógép felméréshez\Kaposvár admin pc.docx,docx,263399,Kósa Tervezés és fejlesztés
Kósa Tervezés és fejlesztés\Hálózati és számítógép felmérés\Dokumentumok hálózati és számítógép felméréshez\Kecskemét Vezetői gép.docx,docx,199458,Kósa Tervezés és fejlesztés
Kósa Tervezés és fejlesztés\Hálózati és számítógép felmérés\Dokumentumok hálózati és számítógép felméréshez\Kisvárda vezetői gép.docx,docx,1136176,Kósa Tervezés és fejlesztés
Kósa Tervezés és fejlesztés\Hálózati és számítógép felmérés\Dokumentumok hálózati és számítógép felméréshez\Komló Vezetői gép.docx,docx,228377,Kósa Tervezés és fejlesztés
Kósa Tervezés és fejlesztés\Hálózati és számítógép felmérés\Dokumentumok hálózati és számítógép felméréshez\Mátészalka Zálog kliens.docx,docx,224431,Kósa Tervezés és fejlesztés
Kósa Tervezés és fejlesztés\Hálózati és számítógép felmérés\Dokumentumok hálózati és számítógép felméréshez\Nyíregyháza Zálog kliens.docx,docx,171447,Kósa Tervezés és fejlesztés
Kósa Tervezés és fejlesztés\Hálózati és számítógép felmérés\Dokumentumok hálózati és számítógép felméréshez\Nyíregyháza Zálog server.docx,docx,172773,Kósa Tervezés és fejlesztés
Kósa Tervezés és fejlesztés\Hálózati és számítógép felmérés\Dokumentumok hálózati és számítógép felméréshez\Pécs Diana Andi hátsó gép DELL.docx,docx,105769,Kósa Tervezés és fejlesztés
Kósa Tervezés és fejlesztés\Hálózati és számítógép felmérés\Dokumentumok hálózati és számítógép felméréshez\Pécs Diana Norbi laptopja.docx,docx,106831,Kósa Tervezés és fejlesztés
Kósa Tervezés és fejlesztés\Hálózati és számítógép felmérés\Dokumentumok hálózati és számítógép felméréshez\Pécs Diana Zálog szerver.docx,docx,113373,Kósa Tervezés és fejlesztés
Kósa Tervezés és fejlesztés\Hálózati és számítógép felmérés\Dokumentumok hálózati és számítógép felméréshez\Pécs Rákóczi Vezetői gép.docx,docx,261828,Kósa Tervezés és fejlesztés
Kósa Tervezés és fejlesztés\Hálózati és számítógép felmérés\Dokumentumok hálózati és számítógép felméréshez\Pécs Ybl Vezetőségi gép.docx,docx,216678,Kósa Tervezés és fejlesztés
Kósa Tervezés és fejlesztés\Hálózati és számítógép felmérés\Dokumentumok hálózati és számítógép felméréshez\Pécs Ybl becsüsi gép.docx,docx,102813,Kósa Tervezés és fejlesztés
Kósa Tervezés és fejlesztés\Hálózati és számítógép felmérés\Dokumentumok hálózati és számítógép felméréshez\Szeged kereskedelem.docx,docx,352022,Kósa Tervezés és fejlesztés
Kósa Tervezés és fejlesztés\Hálózati és számítógép felmérés\Dokumentumok hálózati és számítógép felméréshez\Szekszárd Ékszerbolt.docx,docx,230280,Kósa Tervezés és fejlesztés
Kósa Tervezés és fejlesztés\Hálózati és számítógép felmérés\Dokumentumok hálózati és számítógép felméréshez\Szolnok vezetőségi gép.docx,docx,1597963,Kósa Tervezés és fejlesztés
Kósa Tervezés és fejlesztés\Hálózati és számítógép felmérés\Hálózati és számítógép felmérés kimutatás.xlsx,xlsx,23651,Kósa Tervezés és fejlesztés
Kósa Tervezés és fejlesztés\Hálózati és számítógép felmérés\Ilcsi -spec..png,png,36495,Kósa Tervezés és fejlesztés
Kósa Tervezés és fejlesztés\Hálózati és számítógép felmérés\Ilcsi- speedtest.png,png,57042,Kósa Tervezés és fejlesztés
Kósa Tervezés és fejlesztés\Hálózati és számítógép felmérés\Szilvi - Specifikáció.png,png,47745,Kósa Tervezés és fejlesztés
Kósa Tervezés és fejlesztés\Hálózati és számítógép felmérés\Szilvi - Speedtest.png,png,56475,Kósa Tervezés és fejlesztés
Kósa Tervezés és fejlesztés\Régi Valuta program\forrasok.7z,7z,189344761,Kósa Tervezés és fejlesztés
Kósa Tervezés és fejlesztés\Segédanyagok Valuta\7 sz Körlevél esetleges bankkártyás csalásokról.odt,odt,12285,Kósa Tervezés és fejlesztés
Kósa Tervezés és fejlesztés\Segédanyagok Valuta\9 sz Körlevél a FATF többszintű listájának változásáról 2024 02 hó.odt,odt,13628,Kósa Tervezés és fejlesztés
Kósa Tervezés és fejlesztés\Segédanyagok Valuta\ÁtaDÁS ÁTVÉTEL 2024 02 HÓ.xlsx,xlsx,67923,Kósa Tervezés és fejlesztés
Kósa Tervezés és fejlesztés\Segédanyagok Valuta\Beosztás 2024 03 hó II Szarvas.ods,ods,11454,Kósa Tervezés és fejlesztés
Kósa Tervezés és fejlesztés\Segédanyagok Valuta\Engedélyezéshez szükséges adatok.docx,docx,12793,Kósa Tervezés és fejlesztés
Kósa Tervezés és fejlesztés\Segédanyagok Valuta\Foglaló felvétele.docx,docx,12755,Kósa Tervezés és fejlesztés
Kósa Tervezés és fejlesztés\Segédanyagok Valuta\Készlet 2024 02 hó.xlsx,xlsx,87943,Kósa Tervezés és fejlesztés
Kósa Tervezés és fejlesztés\Segédanyagok Valuta\WU e ker kktg áfa 2024 02 hó.xlsx,xlsx,282734,Kósa Tervezés és fejlesztés
Kósa Tervezés és fejlesztés\Segédanyagok Valuta\forgalom 2024 02 hó.xlsx,xlsx,126050,Kósa Tervezés és fejlesztés
Szervezés\Kósa cégcsoport fejlesztés lépései.docx,docx,86325,Szervezés
Szervezés\Névtelen táblázat.xlsx,xlsx,4809,Szervezés
Szervezés\c.docm,docm,905196,Szervezés
Szervezés\c.docm.docx,docx,2238988,Szervezés
Szervezés\sztorno.docx,docx,142136,Szervezés
Szervezés\zaras_ablak.docx,docx,143265,Szervezés
Terrorlista2008.txt,txt,184760,Terrorlista2008.txt
penztari_mozgasok.PNG,png,214685,penztari_mozgasok.PNG
v2.0\HTML\README.html,html,9152,v2.0
v2.0\HTML\betonstaal.figdoc.html,html,3858,v2.0
v2.0\HTML\bgs.figdoc.html,html,32134,v2.0
v2.0\HTML\calendar.figdoc.html,html,12396,v2.0
v2.0\HTML\carrental.figdoc.html,html,18028,v2.0
v2.0\HTML\company.figdoc.html,html,18735,v2.0
v2.0\HTML\daruunio.figdoc.html,html,3858,v2.0
v2.0\HTML\demand.figdoc.html,html,10288,v2.0
v2.0\HTML\demorslicence.figdoc.html,html,3858,v2.0
v2.0\HTML\dictionary.figdoc.html,html,133607,v2.0
v2.0\HTML\document.figdoc.html,html,16770,v2.0
v2.0\HTML\email.figdoc.html,html,5965,v2.0
v2.0\HTML\figdef.figdoc.html,html,6849,v2.0
v2.0\HTML\geprix.figdoc.html,html,23984,v2.0
v2.0\HTML\inst_loc.figdoc.html,html,12805,v2.0
v2.0\HTML\load2fit_folyamatok\01_alapfolyamatok.html,html,13294,v2.0
v2.0\HTML\load2fit_folyamatok\README.html,html,6885,v2.0
v2.0\HTML\load2fit_folyamatok\modulstruktura.html,html,32053,v2.0
v2.0\HTML\material.figdoc.html,html,32771,v2.0
v2.0\HTML\meghatalmazottak.figdoc.html,html,34073,v2.0
v2.0\HTML\modulstruktura.html,html,23852,v2.0
v2.0\HTML\partner.figdoc.html,html,33880,v2.0
v2.0\HTML\postal.figdoc.html,html,5127,v2.0
v2.0\HTML\product.figdoc.html,html,32488,v2.0
v2.0\HTML\product_v0.html,html,22732,v2.0
v2.0\HTML\project.figdoc.html,html,19122,v2.0
v2.0\HTML\puzzle.figdoc.html,html,64144,v2.0
v2.0\HTML\puzzle_folyamatok\08_meghatalmazott_kezeles.html,html,24564,v2.0
v2.0\HTML\puzzle_folyamatok\README.html,html,13611,v2.0
v2.0\HTML\puzzle_folyamatok\modulstruktura.html,html,23852,v2.0
v2.0\HTML\rcomment.figdoc.html,html,6468,v2.0
v2.0\HTML\requirements.html,html,3674,v2.0
v2.0\HTML\rsl.figdoc.html,html,3858,v2.0
v2.0\HTML\spicy.figdoc.html,html,18543,v2.0
v2.0\HTML\task.figdoc.html,html,5352,v2.0
v2.0\HTML\valuta_folyamatok\01_alapfolyamatok.html,html,9974,v2.0
v2.0\HTML\valuta_folyamatok\02_penztarkezeles.html,html,11110,v2.0
v2.0\HTML\valuta_folyamatok\03_tranzakciok.html,html,12436,v2.0
v2.0\HTML\valuta_folyamatok\05_ugyfelkezeles.html,html,13869,v2.0
v2.0\HTML\valuta_folyamatok\07_cimletkezeles.html,html,15968,v2.0
v2.0\HTML\valuta_folyamatok\README.html,html,11523,v2.0
v2.0\HTML\valuta_folyamatok\crud_komponensek.html,html,16978,v2.0
v2.0\HTML\valuta_folyamatok\modulstruktura.html,html,22006,v2.0
v2.0\HTML\worker.figdoc.html,html,34389,v2.0
v2.0\HTML\xxxxxxxx.figdoc.html,html,3858,v2.0
v2.0\Markdown\README.md,md,4740,v2.0
v2.0\Markdown\betonstaal.figdoc.md,md,176,v2.0
v2.0\Markdown\bgs.figdoc.md,md,22933,v2.0
v2.0\Markdown\calendar.figdoc.md,md,6160,v2.0
v2.0\Markdown\carrental.figdoc.md,md,11796,v2.0
v2.0\Markdown\company.figdoc.md,md,13087,v2.0
v2.0\Markdown\daruunio.figdoc.md,md,176,v2.0
v2.0\Markdown\demand.figdoc.md,md,5256,v2.0
v2.0\Markdown\demorslicence.figdoc.md,md,176,v2.0
v2.0\Markdown\dictionary.figdoc.md,md,140148,v2.0
v2.0\Markdown\document.figdoc.md,md,11356,v2.0
v2.0\Markdown\email.figdoc.md,md,1861,v2.0
v2.0\Markdown\figdef.figdoc.md,md,2411,v2.0
v2.0\Markdown\geprix.figdoc.md,md,12860,v2.0
v2.0\Markdown\inst_loc.figdoc.md,md,6449,v2.0
v2.0\Markdown\load2fit_folyamatok\01_alapfolyamatok.md,md,7721,v2.0
v2.0\Markdown\load2fit_folyamatok\README.md,md,2594,v2.0
v2.0\Markdown\load2fit_folyamatok\modulstruktura.md,md,21760,v2.0
v2.0\Markdown\material.figdoc.md,md,22891,v2.0
v2.0\Markdown\meghatalmazottak.figdoc.md,md,28591,v2.0
v2.0\Markdown\modulstruktura.md,md,16005,v2.0
v2.0\Markdown\partner.figdoc.md,md,26066,v2.0
v2.0\Markdown\postal.figdoc.md,md,1089,v2.0
v2.0\Markdown\product.figdoc.md,md,22356,v2.0
v2.0\Markdown\product_v0.md,md,14516,v2.0
v2.0\Markdown\project.figdoc.md,md,13234,v2.0
v2.0\Markdown\puzzle.figdoc.md,md,46490,v2.0
v2.0\Markdown\puzzle_folyamatok\08_meghatalmazott_kezeles.md,md,16549,v2.0
v2.0\Markdown\puzzle_folyamatok\README.md,md,7887,v2.0
v2.0\Markdown\puzzle_folyamatok\modulstruktura.md,md,15555,v2.0
v2.0\Markdown\rcomment.figdoc.md,md,2047,v2.0
v2.0\Markdown\requirements.md,md,45,v2.0
v2.0\Markdown\rsl.figdoc.md,md,175,v2.0
v2.0\Markdown\spicy.figdoc.md,md,11854,v2.0
v2.0\Markdown\task.figdoc.md,md,1360,v2.0
v2.0\Markdown\valuta_folyamatok\01_alapfolyamatok.md,md,5017,v2.0
v2.0\Markdown\valuta_folyamatok\02_penztarkezeles.md,md,5801,v2.0
v2.0\Markdown\valuta_folyamatok\03_tranzakciok.md,md,6793,v2.0
v2.0\Markdown\valuta_folyamatok\05_ugyfelkezeles.md,md,8010,v2.0
v2.0\Markdown\valuta_folyamatok\07_cimletkezeles.md,md,9795,v2.0
v2.0\Markdown\valuta_folyamatok\README.md,md,6147,v2.0
v2.0\Markdown\valuta_folyamatok\crud_komponensek.md,md,9876,v2.0
v2.0\Markdown\valuta_folyamatok\modulstruktura.md,md,13989,v2.0
v2.0\Markdown\worker.figdoc.md,md,25159,v2.0
v2.0\Markdown\xxxxxxxx.figdoc.md,md,175,v2.0
Árfolyam karbantartó hibalista.docx,docx,219159,Árfolyam karbantartó hibalista.docx
