relpath,ext,size,status
"Cégcsoport felmérése\Személyes találkozó összefoglalók, kapott dokumentumok, képernyőképek\Dokumentumok\Banki import TXT fájl ügyfeles ZÁLOG ZA20241029.csv",csv,6802,PENDING
"Cégcsoport felmérése\Személyes találkozó összefoglalók, kapott dokumentumok, képernyőképek\Dokumentumok\Ügyfeles jelentés_ BE20241026.csv",csv,30254,PENDING
"Kósa Szervezés\Cégcsoport felmérése\Személyes találkozó összefoglalók, kapott dokumentumok, képernyőképek\Dokumentumok\Banki import TXT fájl ügyfeles ZÁLOG ZA20241029.csv",csv,6802,PENDING
"Kósa Szervezés\Cégcsoport felmérése\Személyes találkozó összefoglalók, kapott dokumentumok, képernyőképek\Dokumentumok\Ügyfeles jelentés_ BE20241026.csv",csv,30254,PENDING
Cégcsoport felmérése\Árfolyamkészítő programról\Követelménylista - Árfolyamkészítés.docx,docx,10502,PENDING
Cégcsoport felmérése\Igényfelmérési interjú\Kósa cégcsoport első igényfelmérési kérdések.docx,docx,850634,PENDING
Cégcsoport felmérése\Igényfelmérési interjú\RSL 2. Igényfelmérési interjú összefoglaló 2024.02.15_.docx,docx,863274,PENDING
Cégcsoport felmérése\Igényfelmérési interjú\RSL Igényfelmérési interjú összefoglaló 2024.02.12_.docx,docx,860124,PENDING
Hálózati és számítógép felmérés\Dokumentumok hálózati és számítógép felméréshez\Békéscsaba Kliens.docx,docx,1459322,PENDING
Hálózati és számítógép felmérés\Dokumentumok hálózati és számítógép felméréshez\Békéscsaba Zálog.docx,docx,1231334,PENDING
Hálózati és számítógép felmérés\Dokumentumok hálózati és számítógép felméréshez\Debrecen hátsó vezetői gép.docx,docx,177424,PENDING
Hálózati és számítógép felmérés\Dokumentumok hálózati és számítógép felméréshez\Debrecen zálog kliensgép.docx,docx,93196,PENDING
Hálózati és számítógép felmérés\Dokumentumok hálózati és számítógép felméréshez\Debrecen zálog szerver gép(1).docx,docx,141003,PENDING
Hálózati és számítógép felmérés\Dokumentumok hálózati és számítógép felméréshez\Debrecen zálog szerver gép.docx,docx,141003,PENDING
Hálózati és számítógép felmérés\Dokumentumok hálózati és számítógép felméréshez\Dombóvár hátsó gép(1).docx,docx,212072,PENDING
Hálózati és számítógép felmérés\Dokumentumok hálózati és számítógép felméréshez\Dombóvár hátsó gép(2).docx,docx,212072,PENDING
Hálózati és számítógép felmérés\Dokumentumok hálózati és számítógép felméréshez\Dombóvár hátsó gép.docx,docx,212072,PENDING
Hálózati és számítógép felmérés\Dokumentumok hálózati és számítógép felméréshez\Dombóvár zálog fő gép(1).docx,docx,207009,PENDING
Hálózati és számítógép felmérés\Dokumentumok hálózati és számítógép felméréshez\Dombóvár zálog fő gép.docx,docx,207009,PENDING
Hálózati és számítógép felmérés\Dokumentumok hálózati és számítógép felméréshez\Dombóvár zálog kliens.docx,docx,198166,PENDING
Hálózati és számítógép felmérés\Dokumentumok hálózati és számítógép felméréshez\Fehérgyarmat Zálog.docx,docx,141271,PENDING
Hálózati és számítógép felmérés\Dokumentumok hálózati és számítógép felméréshez\Fehérgyarmat kereskedelmi gép.docx,docx,135568,PENDING
Hálózati és számítógép felmérés\Dokumentumok hálózati és számítógép felméréshez\Hódmezővásárhely Zálog.docx,docx,128735,PENDING
Hálózati és számítógép felmérés\Dokumentumok hálózati és számítógép felméréshez\Kaposvár Zálog kliens gép.docx,docx,252765,PENDING
Hálózati és számítógép felmérés\Dokumentumok hálózati és számítógép felméréshez\Kaposvár admin pc(1).docx,docx,263399,PENDING
Hálózati és számítógép felmérés\Dokumentumok hálózati és számítógép felméréshez\Kaposvár admin pc(2).docx,docx,263399,PENDING
Hálózati és számítógép felmérés\Dokumentumok hálózati és számítógép felméréshez\Kaposvár admin pc.docx,docx,263399,PENDING
Hálózati és számítógép felmérés\Dokumentumok hálózati és számítógép felméréshez\Kecskemét Vezetői gép.docx,docx,199458,PENDING
Hálózati és számítógép felmérés\Dokumentumok hálózati és számítógép felméréshez\Kisvárda vezetői gép.docx,docx,1136176,PENDING
Hálózati és számítógép felmérés\Dokumentumok hálózati és számítógép felméréshez\Komló Vezetői gép.docx,docx,228377,PENDING
Hálózati és számítógép felmérés\Dokumentumok hálózati és számítógép felméréshez\Mátészalka Zálog kliens(1).docx,docx,224431,PENDING
Hálózati és számítógép felmérés\Dokumentumok hálózati és számítógép felméréshez\Mátészalka Zálog kliens.docx,docx,224431,PENDING
Hálózati és számítógép felmérés\Dokumentumok hálózati és számítógép felméréshez\Nyíregyháza Zálog kliens.docx,docx,171447,PENDING
Hálózati és számítógép felmérés\Dokumentumok hálózati és számítógép felméréshez\Nyíregyháza Zálog server.docx,docx,172773,PENDING
Hálózati és számítógép felmérés\Dokumentumok hálózati és számítógép felméréshez\Pécs Diana Andi hátsó gép DELL.docx,docx,105769,PENDING
Hálózati és számítógép felmérés\Dokumentumok hálózati és számítógép felméréshez\Pécs Diana Norbi laptopja.docx,docx,106831,PENDING
Hálózati és számítógép felmérés\Dokumentumok hálózati és számítógép felméréshez\Pécs Diana Zálog szerver.docx,docx,113373,PENDING
Hálózati és számítógép felmérés\Dokumentumok hálózati és számítógép felméréshez\Pécs Rákóczi Vezetői gép(1).docx,docx,261828,PENDING
Hálózati és számítógép felmérés\Dokumentumok hálózati és számítógép felméréshez\Pécs Rákóczi Vezetői gép.docx,docx,261828,PENDING
Hálózati és számítógép felmérés\Dokumentumok hálózati és számítógép felméréshez\Pécs Ybl Vezetőségi gép.docx,docx,216678,PENDING
Hálózati és számítógép felmérés\Dokumentumok hálózati és számítógép felméréshez\Pécs Ybl becsüsi gép.docx,docx,102813,PENDING
Hálózati és számítógép felmérés\Dokumentumok hálózati és számítógép felméréshez\Szekszárd Ékszerbolt(1).docx,docx,230280,PENDING
Hálózati és számítógép felmérés\Dokumentumok hálózati és számítógép felméréshez\Szekszárd Ékszerbolt.docx,docx,230280,PENDING
Hálózati és számítógép felmérés\Dokumentumok hálózati és számítógép felméréshez\Szolnok vezetőségi gép.docx,docx,1597963,PENDING
Kósa Szervezés\Cégcsoport felmérése\Árfolyamkészítő programról\Követelménylista - Árfolyamkészítés.docx,docx,10502,PENDING
Kósa Szervezés\Cégcsoport felmérése\Igényfelmérési interjú\Kósa cégcsoport első igényfelmérési kérdések.docx,docx,848766,PENDING
Kósa Szervezés\Cégcsoport felmérése\Igényfelmérési interjú\RSL 2. Igényfelmérési interjú összefoglaló 2024.02.15_.docx,docx,863274,PENDING
Kósa Szervezés\Cégcsoport felmérése\Igényfelmérési interjú\RSL Igényfelmérési interjú összefoglaló 2024.02.12_.docx,docx,860124,PENDING
Kósa Szervezés\Cégcsoport felmérése\RSL – EXZ + EXV üzemeltetési megbeszélés 2024. 03. 22_.docx,docx,302045,PENDING
Kósa Szervezés\Kósa cégcsoport fejlesztés lépései.docx,docx,86325,PENDING
Kósa Szervezés\Specifikációk\Névtelen dokumentum.docx,docx,8764,PENDING
Kósa Tervezés és fejlesztés\Hálózati és számítógép felmérés\Dokumentumok hálózati és számítógép felméréshez\Békéscsaba Kliens.docx,docx,1459322,PENDING
Kósa Tervezés és fejlesztés\Hálózati és számítógép felmérés\Dokumentumok hálózati és számítógép felméréshez\Békéscsaba Zálog.docx,docx,1231334,PENDING
Kósa Tervezés és fejlesztés\Hálózati és számítógép felmérés\Dokumentumok hálózati és számítógép felméréshez\Debrecen hátsó vezetői gép.docx,docx,177424,PENDING
Kósa Tervezés és fejlesztés\Hálózati és számítógép felmérés\Dokumentumok hálózati és számítógép felméréshez\Debrecen zálog kliensgép.docx,docx,93196,PENDING
Kósa Tervezés és fejlesztés\Hálózati és számítógép felmérés\Dokumentumok hálózati és számítógép felméréshez\Debrecen zálog szerver gép.docx,docx,141003,PENDING
Kósa Tervezés és fejlesztés\Hálózati és számítógép felmérés\Dokumentumok hálózati és számítógép felméréshez\Dombóvár hátsó gép.docx,docx,212072,PENDING
Kósa Tervezés és fejlesztés\Hálózati és számítógép felmérés\Dokumentumok hálózati és számítógép felméréshez\Dombóvár zálog fő gép.docx,docx,207009,PENDING
Kósa Tervezés és fejlesztés\Hálózati és számítógép felmérés\Dokumentumok hálózati és számítógép felméréshez\Dombóvár zálog kliens.docx,docx,198166,PENDING
Kósa Tervezés és fejlesztés\Hálózati és számítógép felmérés\Dokumentumok hálózati és számítógép felméréshez\Fehérgyarmat Zálog.docx,docx,141271,PENDING
Kósa Tervezés és fejlesztés\Hálózati és számítógép felmérés\Dokumentumok hálózati és számítógép felméréshez\Fehérgyarmat kereskedelmi gép.docx,docx,135568,PENDING
Kósa Tervezés és fejlesztés\Hálózati és számítógép felmérés\Dokumentumok hálózati és számítógép felméréshez\Hódmezővásárhely Zálog.docx,docx,128735,PENDING
Kósa Tervezés és fejlesztés\Hálózati és számítógép felmérés\Dokumentumok hálózati és számítógép felméréshez\Kaposvár Zálog kliens gép.docx,docx,252765,PENDING
Kósa Tervezés és fejlesztés\Hálózati és számítógép felmérés\Dokumentumok hálózati és számítógép felméréshez\Kaposvár admin pc.docx,docx,263399,PENDING
Kósa Tervezés és fejlesztés\Hálózati és számítógép felmérés\Dokumentumok hálózati és számítógép felméréshez\Kecskemét Vezetői gép.docx,docx,199458,PENDING
Kósa Tervezés és fejlesztés\Hálózati és számítógép felmérés\Dokumentumok hálózati és számítógép felméréshez\Kisvárda vezetői gép.docx,docx,1136176,PENDING
Kósa Tervezés és fejlesztés\Hálózati és számítógép felmérés\Dokumentumok hálózati és számítógép felméréshez\Komló Vezetői gép.docx,docx,228377,PENDING
Kósa Tervezés és fejlesztés\Hálózati és számítógép felmérés\Dokumentumok hálózati és számítógép felméréshez\Mátészalka Zálog kliens.docx,docx,224431,PENDING
Kósa Tervezés és fejlesztés\Hálózati és számítógép felmérés\Dokumentumok hálózati és számítógép felméréshez\Nyíregyháza Zálog kliens.docx,docx,171447,PENDING
Kósa Tervezés és fejlesztés\Hálózati és számítógép felmérés\Dokumentumok hálózati és számítógép felméréshez\Nyíregyháza Zálog server.docx,docx,172773,PENDING
Kósa Tervezés és fejlesztés\Hálózati és számítógép felmérés\Dokumentumok hálózati és számítógép felméréshez\Pécs Diana Andi hátsó gép DELL.docx,docx,105769,PENDING
Kósa Tervezés és fejlesztés\Hálózati és számítógép felmérés\Dokumentumok hálózati és számítógép felméréshez\Pécs Diana Norbi laptopja.docx,docx,106831,PENDING
Kósa Tervezés és fejlesztés\Hálózati és számítógép felmérés\Dokumentumok hálózati és számítógép felméréshez\Pécs Diana Zálog szerver.docx,docx,113373,PENDING
Kósa Tervezés és fejlesztés\Hálózati és számítógép felmérés\Dokumentumok hálózati és számítógép felméréshez\Pécs Rákóczi Vezetői gép.docx,docx,261828,PENDING
Kósa Tervezés és fejlesztés\Hálózati és számítógép felmérés\Dokumentumok hálózati és számítógép felméréshez\Pécs Ybl Vezetőségi gép.docx,docx,216678,PENDING
Kósa Tervezés és fejlesztés\Hálózati és számítógép felmérés\Dokumentumok hálózati és számítógép felméréshez\Pécs Ybl becsüsi gép.docx,docx,102813,PENDING
Kósa Tervezés és fejlesztés\Hálózati és számítógép felmérés\Dokumentumok hálózati és számítógép felméréshez\Szekszárd Ékszerbolt.docx,docx,230280,PENDING
Kósa Tervezés és fejlesztés\Hálózati és számítógép felmérés\Dokumentumok hálózati és számítógép felméréshez\Szolnok vezetőségi gép.docx,docx,1597963,PENDING
Kósa Tervezés és fejlesztés\Segédanyagok Valuta\Engedélyezéshez szükséges adatok.docx,docx,12793,PENDING
Kósa Tervezés és fejlesztés\Segédanyagok Valuta\Foglaló felvétele.docx,docx,12755,PENDING
Szervezés\Kósa cégcsoport fejlesztés lépései.docx,docx,86325,PENDING
"Cégcsoport felmérése\Személyes találkozó összefoglalók, kapott dokumentumok, képernyőképek\Bizonylatok\2024. március. 1. havi dekádzárás.jpeg",jpeg,4038593,PENDING
"Cégcsoport felmérése\Személyes találkozó összefoglalók, kapott dokumentumok, képernyőképek\Bizonylatok\Zárás-Értéktár.jpeg",jpeg,6333970,PENDING
"Cégcsoport felmérése\Személyes találkozó összefoglalók, kapott dokumentumok, képernyőképek\Bizonylatok\pénztári átvétel.jpeg",jpeg,3829843,PENDING
"Cégcsoport felmérése\Személyes találkozó összefoglalók, kapott dokumentumok, képernyőképek\Képernyőképek\Beállítások csak jelszóval_ alapfunkció.jpeg",jpeg,120447,PENDING
"Cégcsoport felmérése\Személyes találkozó összefoglalók, kapott dokumentumok, képernyőképek\Képernyőképek\Beállítások külön jelszóval_ Alapfunkciók.jpeg",jpeg,115381,PENDING
"Cégcsoport felmérése\Személyes találkozó összefoglalók, kapott dokumentumok, képernyőképek\Képernyőképek\Beállítások külön jelszóval_ Alkalmazások .jpeg",jpeg,224694,PENDING
"Cégcsoport felmérése\Személyes találkozó összefoglalók, kapott dokumentumok, képernyőképek\Képernyőképek\Beállítások külön jelszóval_ Árfolyam kijelző beállításai.jpeg",jpeg,204854,PENDING
"Cégcsoport felmérése\Személyes találkozó összefoglalók, kapott dokumentumok, képernyőképek\Képernyőképek\Beállítások külön jelszóval_ IP cím beállítás.jpeg",jpeg,151005,PENDING
"Cégcsoport felmérése\Személyes találkozó összefoglalók, kapott dokumentumok, képernyőképek\Képernyőképek\Beállítások külön jelszóval_ adatok beküldése a szerverre.jpeg",jpeg,158385,PENDING
"Cégcsoport felmérése\Személyes találkozó összefoglalók, kapott dokumentumok, képernyőképek\Képernyőképek\Beállítások külön jelszóval_ nyomtató beállítás.jpeg",jpeg,150938,PENDING
"Cégcsoport felmérése\Személyes találkozó összefoglalók, kapott dokumentumok, képernyőképek\Képernyőképek\Beállítások külön jelszóval_ szkenner beállítás.jpeg",jpeg,136049,PENDING
"Cégcsoport felmérése\Személyes találkozó összefoglalók, kapott dokumentumok, képernyőképek\Képernyőképek\Beállítások menü külön jelszóval.jpeg",jpeg,123670,PENDING
"Cégcsoport felmérése\Személyes találkozó összefoglalók, kapott dokumentumok, képernyőképek\Képernyőképek\Bizonylatok szűrése.jpeg",jpeg,222876,PENDING
"Cégcsoport felmérése\Személyes találkozó összefoglalók, kapott dokumentumok, képernyőképek\Képernyőképek\Bizonylatok szűrése2.jpeg",jpeg,199158,PENDING
"Cégcsoport felmérése\Személyes találkozó összefoglalók, kapott dokumentumok, képernyőképek\Képernyőképek\Dekédzárás.jpeg",jpeg,161869,PENDING
"Cégcsoport felmérése\Személyes találkozó összefoglalók, kapott dokumentumok, képernyőképek\Képernyőképek\Egyéb feladatok menü(1).jpeg",jpeg,190118,PENDING
"Cégcsoport felmérése\Személyes találkozó összefoglalók, kapott dokumentumok, képernyőképek\Képernyőképek\Egyéb feladatok menü.jpeg",jpeg,215671,PENDING
"Cégcsoport felmérése\Személyes találkozó összefoglalók, kapott dokumentumok, képernyőképek\Képernyőképek\Különféle listák menü .jpeg",jpeg,146293,PENDING
"Cégcsoport felmérése\Személyes találkozó összefoglalók, kapott dokumentumok, képernyőképek\Képernyőképek\Messenger_creation_2379dd5f-04ce-4683-8347-41c85e1e7153.jpeg",jpeg,119718,PENDING
"Cégcsoport felmérése\Személyes találkozó összefoglalók, kapott dokumentumok, képernyőképek\Képernyőképek\Messenger_creation_26016104-5f16-4310-b260-ca580f7d7714.jpeg",jpeg,209192,PENDING
"Cégcsoport felmérése\Személyes találkozó összefoglalók, kapott dokumentumok, képernyőképek\Képernyőképek\Messenger_creation_2ecc1a32-0d7e-4955-9c79-40dd7aa746a3.jpeg",jpeg,105939,PENDING
"Cégcsoport felmérése\Személyes találkozó összefoglalók, kapott dokumentumok, képernyőképek\Képernyőképek\Messenger_creation_395d793b-80d1-490d-b777-a3b997ce5c52.jpeg",jpeg,194083,PENDING
"Cégcsoport felmérése\Személyes találkozó összefoglalók, kapott dokumentumok, képernyőképek\Képernyőképek\Messenger_creation_490e4846-3506-4d7a-b2a4-66ac739f016c.jpeg",jpeg,141481,PENDING
"Cégcsoport felmérése\Személyes találkozó összefoglalók, kapott dokumentumok, képernyőképek\Képernyőképek\Messenger_creation_53216ab7-60e7-4c64-9c7c-9b28a7c3390e.jpeg",jpeg,189043,PENDING
"Cégcsoport felmérése\Személyes találkozó összefoglalók, kapott dokumentumok, képernyőképek\Képernyőképek\Messenger_creation_da19dd8d-fc37-48a3-8891-c40fba16cbf2.jpeg",jpeg,159456,PENDING
"Cégcsoport felmérése\Személyes találkozó összefoglalók, kapott dokumentumok, képernyőképek\Képernyőképek\Messenger_creation_f00c9b01-9af7-4673-99a7-a549ef5351f8.jpeg",jpeg,174474,PENDING
"Cégcsoport felmérése\Személyes találkozó összefoglalók, kapott dokumentumok, képernyőképek\Képernyőképek\Napi összefoglaló (X).jpeg",jpeg,146685,PENDING
"Cégcsoport felmérése\Személyes találkozó összefoglalók, kapott dokumentumok, képernyőképek\Képernyőképek\Összesített pénztárforgalom lekérdező menü.jpeg",jpeg,135476,PENDING
"Cégcsoport felmérése\Személyes találkozó összefoglalók, kapott dokumentumok, képernyőképek\Képernyőképek\Pénz átvétele egy egységtől menü .jpeg",jpeg,257429,PENDING
"Cégcsoport felmérése\Személyes találkozó összefoglalók, kapott dokumentumok, képernyőképek\Képernyőképek\Pénztárak karbantartása .jpeg",jpeg,195293,PENDING
"Cégcsoport felmérése\Személyes találkozó összefoglalók, kapott dokumentumok, képernyőképek\Képernyőképek\Pénztárak karbantartása 2.jpeg",jpeg,157504,PENDING
"Cégcsoport felmérése\Személyes találkozó összefoglalók, kapott dokumentumok, képernyőképek\Képernyőképek\Pénztárak közötti pénzforgalom főmenüje.jpeg",jpeg,221681,PENDING
"Cégcsoport felmérése\Személyes találkozó összefoglalók, kapott dokumentumok, képernyőképek\Képernyőképek\Pénztárak közötti szállításhoz.jpeg",jpeg,283881,PENDING
"Cégcsoport felmérése\Személyes találkozó összefoglalók, kapott dokumentumok, képernyőképek\Képernyőképek\Pénztárátvétele egy egységtől menü2.jpeg",jpeg,238074,PENDING
"Cégcsoport felmérése\Személyes találkozó összefoglalók, kapott dokumentumok, képernyőképek\Képernyőképek\Pillanatnyi pénztár állás kimutatása2 .jpeg",jpeg,92821,PENDING
"Cégcsoport felmérése\Személyes találkozó összefoglalók, kapott dokumentumok, képernyőképek\Képernyőképek\Pillanatnyi pénztárállás kimutatása.jpeg",jpeg,89532,PENDING
"Cégcsoport felmérése\Személyes találkozó összefoglalók, kapott dokumentumok, képernyőképek\Képernyőképek\Szállítás pénztárak között menü.jpeg",jpeg,277988,PENDING
"Cégcsoport felmérése\Személyes találkozó összefoglalók, kapott dokumentumok, képernyőképek\Képernyőképek\Társpénztár kiválasztása új pénztár felvétele.jpeg",jpeg,217848,PENDING
"Kósa Szervezés\Cégcsoport felmérése\Személyes találkozó összefoglalók, kapott dokumentumok, képernyőképek\Bizonylatok\2024. március. 1. havi dekádzárás.jpeg",jpeg,4038593,PENDING
"Kósa Szervezés\Cégcsoport felmérése\Személyes találkozó összefoglalók, kapott dokumentumok, képernyőképek\Bizonylatok\Zárás-Értéktár.jpeg",jpeg,6333970,PENDING
"Kósa Szervezés\Cégcsoport felmérése\Személyes találkozó összefoglalók, kapott dokumentumok, képernyőképek\Bizonylatok\pénztári átvétel.jpeg",jpeg,3829843,PENDING
"Kósa Szervezés\Cégcsoport felmérése\Személyes találkozó összefoglalók, kapott dokumentumok, képernyőképek\Képernyőképek\Beállítások csak jelszóval_ Kezelési költség számítások.jpeg",jpeg,226567,PENDING
"Kósa Szervezés\Cégcsoport felmérése\Személyes találkozó összefoglalók, kapott dokumentumok, képernyőképek\Képernyőképek\Beállítások csak jelszóval_ alapfunkció.jpeg",jpeg,120447,PENDING
"Kósa Szervezés\Cégcsoport felmérése\Személyes találkozó összefoglalók, kapott dokumentumok, képernyőképek\Képernyőképek\Beállítások csak jelszóval_ futófény beállítások.jpeg",jpeg,155690,PENDING
"Kósa Szervezés\Cégcsoport felmérése\Személyes találkozó összefoglalók, kapott dokumentumok, képernyőképek\Képernyőképek\Beállítások külön jelszóval_ Alapfunkciók.jpeg",jpeg,115381,PENDING
"Kósa Szervezés\Cégcsoport felmérése\Személyes találkozó összefoglalók, kapott dokumentumok, képernyőképek\Képernyőképek\Beállítások külön jelszóval_ Alkalmazások .jpeg",jpeg,224694,PENDING
"Kósa Szervezés\Cégcsoport felmérése\Személyes találkozó összefoglalók, kapott dokumentumok, képernyőképek\Képernyőképek\Beállítások külön jelszóval_ Árfolyam kijelző beállításai.jpeg",jpeg,204854,PENDING
"Kósa Szervezés\Cégcsoport felmérése\Személyes találkozó összefoglalók, kapott dokumentumok, képernyőképek\Képernyőképek\Beállítások külön jelszóval_ Bankkártyás fizetések.jpeg",jpeg,118573,PENDING
"Kósa Szervezés\Cégcsoport felmérése\Személyes találkozó összefoglalók, kapott dokumentumok, képernyőképek\Képernyőképek\Beállítások külön jelszóval_ IP cím beállítás.jpeg",jpeg,151005,PENDING
"Kósa Szervezés\Cégcsoport felmérése\Személyes találkozó összefoglalók, kapott dokumentumok, képernyőképek\Képernyőképek\Beállítások külön jelszóval_ adatok beküldése a szerverre.jpeg",jpeg,158385,PENDING
"Kósa Szervezés\Cégcsoport felmérése\Személyes találkozó összefoglalók, kapott dokumentumok, képernyőképek\Képernyőképek\Beállítások külön jelszóval_ nyomtató beállítás.jpeg",jpeg,150938,PENDING
"Kósa Szervezés\Cégcsoport felmérése\Személyes találkozó összefoglalók, kapott dokumentumok, képernyőképek\Képernyőképek\Beállítások külön jelszóval_ szkenner beállítás.jpeg",jpeg,136049,PENDING
"Kósa Szervezés\Cégcsoport felmérése\Személyes találkozó összefoglalók, kapott dokumentumok, képernyőképek\Képernyőképek\Beállítások menü külön jelszóval.jpeg",jpeg,123670,PENDING
"Kósa Szervezés\Cégcsoport felmérése\Személyes találkozó összefoglalók, kapott dokumentumok, képernyőképek\Képernyőképek\Bizonylatok szűrése.jpeg",jpeg,222876,PENDING
"Kósa Szervezés\Cégcsoport felmérése\Személyes találkozó összefoglalók, kapott dokumentumok, képernyőképek\Képernyőképek\Bizonylatok szűrése2.jpeg",jpeg,199158,PENDING
"Kósa Szervezés\Cégcsoport felmérése\Személyes találkozó összefoglalók, kapott dokumentumok, képernyőképek\Képernyőképek\Cimletezés menü.jpeg",jpeg,119652,PENDING
"Kósa Szervezés\Cégcsoport felmérése\Személyes találkozó összefoglalók, kapott dokumentumok, képernyőképek\Képernyőképek\Címletezés - Zárások napi pénztárzárás.jpeg",jpeg,114750,PENDING
"Kósa Szervezés\Cégcsoport felmérése\Személyes találkozó összefoglalók, kapott dokumentumok, képernyőképek\Képernyőképek\Címletezés -Zárások menü.jpeg",jpeg,129275,PENDING
"Kósa Szervezés\Cégcsoport felmérése\Személyes találkozó összefoglalók, kapott dokumentumok, képernyőképek\Képernyőképek\Címletezés nyomtatása.jpeg",jpeg,165807,PENDING
"Kósa Szervezés\Cégcsoport felmérése\Személyes találkozó összefoglalók, kapott dokumentumok, képernyőképek\Képernyőképek\Dekédzárás.jpeg",jpeg,161869,PENDING
"Kósa Szervezés\Cégcsoport felmérése\Személyes találkozó összefoglalók, kapott dokumentumok, képernyőképek\Képernyőképek\Egyéb feladatok menü(1).jpeg",jpeg,190118,PENDING
"Kósa Szervezés\Cégcsoport felmérése\Személyes találkozó összefoglalók, kapott dokumentumok, képernyőképek\Képernyőképek\Egyéb feladatok menü.jpeg",jpeg,215671,PENDING
"Kósa Szervezés\Cégcsoport felmérése\Személyes találkozó összefoglalók, kapott dokumentumok, képernyőképek\Képernyőképek\Kezelési költségek címletezése.jpeg",jpeg,167427,PENDING
"Kósa Szervezés\Cégcsoport felmérése\Személyes találkozó összefoglalók, kapott dokumentumok, képernyőképek\Képernyőképek\Különféle listák menü .jpeg",jpeg,146293,PENDING
"Kósa Szervezés\Cégcsoport felmérése\Személyes találkozó összefoglalók, kapott dokumentumok, képernyőképek\Képernyőképek\Messenger_creation_2379dd5f-04ce-4683-8347-41c85e1e7153.jpeg",jpeg,119718,PENDING
"Kósa Szervezés\Cégcsoport felmérése\Személyes találkozó összefoglalók, kapott dokumentumok, képernyőképek\Képernyőképek\Messenger_creation_26016104-5f16-4310-b260-ca580f7d7714.jpeg",jpeg,209192,PENDING
"Kósa Szervezés\Cégcsoport felmérése\Személyes találkozó összefoglalók, kapott dokumentumok, képernyőképek\Képernyőképek\Messenger_creation_2ecc1a32-0d7e-4955-9c79-40dd7aa746a3.jpeg",jpeg,105939,PENDING
"Kósa Szervezés\Cégcsoport felmérése\Személyes találkozó összefoglalók, kapott dokumentumok, képernyőképek\Képernyőképek\Messenger_creation_395d793b-80d1-490d-b777-a3b997ce5c52.jpeg",jpeg,194083,PENDING
"Kósa Szervezés\Cégcsoport felmérése\Személyes találkozó összefoglalók, kapott dokumentumok, képernyőképek\Képernyőképek\Messenger_creation_490e4846-3506-4d7a-b2a4-66ac739f016c.jpeg",jpeg,141481,PENDING
"Kósa Szervezés\Cégcsoport felmérése\Személyes találkozó összefoglalók, kapott dokumentumok, képernyőképek\Képernyőképek\Messenger_creation_53216ab7-60e7-4c64-9c7c-9b28a7c3390e.jpeg",jpeg,189043,PENDING
"Kósa Szervezés\Cégcsoport felmérése\Személyes találkozó összefoglalók, kapott dokumentumok, képernyőképek\Képernyőképek\Messenger_creation_da19dd8d-fc37-48a3-8891-c40fba16cbf2.jpeg",jpeg,159456,PENDING
"Kósa Szervezés\Cégcsoport felmérése\Személyes találkozó összefoglalók, kapott dokumentumok, képernyőképek\Képernyőképek\Messenger_creation_f00c9b01-9af7-4673-99a7-a549ef5351f8.jpeg",jpeg,174474,PENDING
"Kósa Szervezés\Cégcsoport felmérése\Személyes találkozó összefoglalók, kapott dokumentumok, képernyőképek\Képernyőképek\Napi összefoglaló (X).jpeg",jpeg,146685,PENDING
"Kósa Szervezés\Cégcsoport felmérése\Személyes találkozó összefoglalók, kapott dokumentumok, képernyőképek\Képernyőképek\Összesített pénztárforgalom lekérdező menü.jpeg",jpeg,135476,PENDING
"Kósa Szervezés\Cégcsoport felmérése\Személyes találkozó összefoglalók, kapott dokumentumok, képernyőképek\Képernyőképek\Pénz átvétele egy egységtől menü .jpeg",jpeg,257429,PENDING
"Kósa Szervezés\Cégcsoport felmérése\Személyes találkozó összefoglalók, kapott dokumentumok, képernyőképek\Képernyőképek\Pénztárak karbantartása .jpeg",jpeg,195293,PENDING
"Kósa Szervezés\Cégcsoport felmérése\Személyes találkozó összefoglalók, kapott dokumentumok, képernyőképek\Képernyőképek\Pénztárak karbantartása 2.jpeg",jpeg,157504,PENDING
"Kósa Szervezés\Cégcsoport felmérése\Személyes találkozó összefoglalók, kapott dokumentumok, képernyőképek\Képernyőképek\Pénztárak közötti forgalom főmenüje.jpeg",jpeg,169676,PENDING
"Kósa Szervezés\Cégcsoport felmérése\Személyes találkozó összefoglalók, kapott dokumentumok, képernyőképek\Képernyőképek\Pénztárak közötti pénzforgalom főmenüje.jpeg",jpeg,221681,PENDING
"Kósa Szervezés\Cégcsoport felmérése\Személyes találkozó összefoglalók, kapott dokumentumok, képernyőképek\Képernyőképek\Pénztárak közötti szállításhoz.jpeg",jpeg,283881,PENDING
"Kósa Szervezés\Cégcsoport felmérése\Személyes találkozó összefoglalók, kapott dokumentumok, képernyőképek\Képernyőképek\Pénztárátvétele egy egységtől menü2.jpeg",jpeg,238074,PENDING
"Kósa Szervezés\Cégcsoport felmérése\Személyes találkozó összefoglalók, kapott dokumentumok, képernyőképek\Képernyőképek\Pillanatnyi pénztár állás kimutatása2 .jpeg",jpeg,92821,PENDING
"Kósa Szervezés\Cégcsoport felmérése\Személyes találkozó összefoglalók, kapott dokumentumok, képernyőképek\Képernyőképek\Pillanatnyi pénztárállás kimutatása.jpeg",jpeg,89532,PENDING
"Kósa Szervezés\Cégcsoport felmérése\Személyes találkozó összefoglalók, kapott dokumentumok, képernyőképek\Képernyőképek\Szállítás pénztárak között menü.jpeg",jpeg,277988,PENDING
"Kósa Szervezés\Cégcsoport felmérése\Személyes találkozó összefoglalók, kapott dokumentumok, képernyőképek\Képernyőképek\Társpénztár kiválasztása új pénztár felvétele.jpeg",jpeg,217848,PENDING
"Kósa Szervezés\Cégcsoport felmérése\Személyes találkozó összefoglalók, kapott dokumentumok, képernyőképek\Képernyőképek\Tranzakció engedélyeztetése.jpeg",jpeg,110532,PENDING
"Kósa Szervezés\Cégcsoport felmérése\Személyes találkozó összefoglalók, kapott dokumentumok, képernyőképek\Képernyőképek\Ügyfél országos ellenőrzése és engedély kérés tranzakciókra.jpeg",jpeg,163488,PENDING
"Kósa Szervezés\Cégcsoport felmérése\Személyes találkozó összefoglalók, kapott dokumentumok, képernyőképek\Képernyőképek\Ügyfél országos ellenőrzése és tranzalció engedélyezése .jpeg",jpeg,116053,PENDING
"Kósa Szervezés\Cégcsoport felmérése\Személyes találkozó összefoglalók, kapott dokumentumok, képernyőképek\Képernyőképek\Vásárlás email elküldve üzenet.jpeg",jpeg,158716,PENDING
"Cégcsoport felmérése\Árfolyamkészítő programról\0-s lap, alapárfolyamok.jpg",jpg,592133,PENDING
Cégcsoport felmérése\Árfolyamkészítő programról\Árfolyamok szétküldése log_.jpg,jpg,550177,PENDING
Cégcsoport felmérése\Árfolyamkészítő programról\Csoport karbantartó 2.jpg,jpg,659003,PENDING
Cégcsoport felmérése\Árfolyamkészítő programról\Csoportok karbantartó.jpg,jpg,569775,PENDING
"Cégcsoport felmérése\Személyes találkozó összefoglalók, kapott dokumentumok, képernyőképek\Bizonylatok\Áfolyam nyomtatás _ Pénztárosi nyilatkozat.jpg",jpg,1385522,PENDING
"Cégcsoport felmérése\Személyes találkozó összefoglalók, kapott dokumentumok, képernyőképek\Bizonylatok\Extra tranzakciós díjak _ Foglaló _ Pénztári adatlap.jpg",jpg,683008,PENDING
"Cégcsoport felmérése\Személyes találkozó összefoglalók, kapott dokumentumok, képernyőképek\Bizonylatok\Forint átvételi bizonylat.jpg",jpg,1059551,PENDING
"Cégcsoport felmérése\Személyes találkozó összefoglalók, kapott dokumentumok, képernyőképek\Bizonylatok\Havi zárás 2_.jpg",jpg,1713943,PENDING
"Cégcsoport felmérése\Személyes találkozó összefoglalók, kapott dokumentumok, képernyőképek\Bizonylatok\Havi zárás.jpg",jpg,1613686,PENDING
"Cégcsoport felmérése\Személyes találkozó összefoglalók, kapott dokumentumok, képernyőképek\Bizonylatok\KKTG átadás és átvétel.jpg",jpg,1376714,PENDING
"Cégcsoport felmérése\Személyes találkozó összefoglalók, kapott dokumentumok, képernyőképek\Bizonylatok\Kezelési költség dekádzárása és Pénztári átadás.jpg",jpg,1160246,PENDING
"Cégcsoport felmérése\Személyes találkozó összefoglalók, kapott dokumentumok, képernyőképek\Bizonylatok\Napi zárás.jpg",jpg,1628627,PENDING
"Cégcsoport felmérése\Személyes találkozó összefoglalók, kapott dokumentumok, képernyőképek\Bizonylatok\Pénztár állás.jpg",jpg,3026566,PENDING
"Cégcsoport felmérése\Személyes találkozó összefoglalók, kapott dokumentumok, képernyőképek\Bizonylatok\Pénztári átadás 2.jpg",jpg,2940158,PENDING
"Cégcsoport felmérése\Személyes találkozó összefoglalók, kapott dokumentumok, képernyőképek\Bizonylatok\kktg átadás átvétel II.jpg",jpg,2112664,PENDING
"Cégcsoport felmérése\Személyes találkozó összefoglalók, kapott dokumentumok, képernyőképek\Dokumentumok\Havi forgalom Békéscsaba körzet összesen.jpg",jpg,1926307,PENDING
"Cégcsoport felmérése\Személyes találkozó összefoglalók, kapott dokumentumok, képernyőképek\Dokumentumok\Kezelési költség jelentés.jpg",jpg,2129693,PENDING
"Cégcsoport felmérése\Személyes találkozó összefoglalók, kapott dokumentumok, képernyőképek\Dokumentumok\Napi pénztár jelentés.jpg",jpg,1409556,PENDING
"Cégcsoport felmérése\Személyes találkozó összefoglalók, kapott dokumentumok, képernyőképek\Képernyőképek\Beállítások külön jelszóval_ Jelszó beállítások napi jelentéshez.jpg",jpg,167153,PENDING
"Cégcsoport felmérése\Személyes találkozó összefoglalók, kapott dokumentumok, képernyőképek\Képernyőképek\Címletezés Zárások - Cimletezés.JPG",jpg,4141057,PENDING
"Cégcsoport felmérése\Személyes találkozó összefoglalók, kapott dokumentumok, képernyőképek\Képernyőképek\ERB Egyedi kötés.JPG",jpg,3720835,PENDING
"Cégcsoport felmérése\Személyes találkozó összefoglalók, kapott dokumentumok, képernyőképek\Képernyőképek\Értéktári zárás előtti check list.JPG",jpg,4512123,PENDING
"Cégcsoport felmérése\Személyes találkozó összefoglalók, kapott dokumentumok, képernyőképek\Képernyőképek\Értéktári zárást ellenőrző személy adatai.JPG",jpg,2028841,PENDING
"Cégcsoport felmérése\Személyes találkozó összefoglalók, kapott dokumentumok, képernyőképek\Képernyőképek\Főmenü 2.JPG",jpg,2999644,PENDING
"Cégcsoport felmérése\Személyes találkozó összefoglalók, kapott dokumentumok, képernyőképek\Képernyőképek\Főmenü.JPG",jpg,3241469,PENDING
"Cégcsoport felmérése\Személyes találkozó összefoglalók, kapott dokumentumok, képernyőképek\Képernyőképek\Havi tabló.JPG",jpg,2863745,PENDING
"Cégcsoport felmérése\Személyes találkozó összefoglalók, kapott dokumentumok, képernyőképek\Képernyőképek\Kezelési költségek.JPG",jpg,3667710,PENDING
"Cégcsoport felmérése\Személyes találkozó összefoglalók, kapott dokumentumok, képernyőképek\Képernyőképek\Pénztár választása 2..JPG",jpg,2592404,PENDING
"Cégcsoport felmérése\Személyes találkozó összefoglalók, kapott dokumentumok, képernyőképek\Képernyőképek\Pénztár választása.JPG",jpg,2800949,PENDING
"Cégcsoport felmérése\Személyes találkozó összefoglalók, kapott dokumentumok, képernyőképek\nyomtató.jpg",jpg,393543,PENDING
"Kósa Szervezés\Cégcsoport felmérése\Árfolyamkészítő programról\0-s lap, alapárfolyamok.jpg",jpg,592133,PENDING
Kósa Szervezés\Cégcsoport felmérése\Árfolyamkészítő programról\Árfolyamok szétküldése log_.jpg,jpg,550177,PENDING
Kósa Szervezés\Cégcsoport felmérése\Árfolyamkészítő programról\Csoport karbantartó 2.jpg,jpg,659003,PENDING
Kósa Szervezés\Cégcsoport felmérése\Árfolyamkészítő programról\Csoportok karbantartó.jpg,jpg,569775,PENDING
"Kósa Szervezés\Cégcsoport felmérése\Személyes találkozó összefoglalók, kapott dokumentumok, képernyőképek\Bizonylatok\Áfolyam nyomtatás _ Pénztárosi nyilatkozat.jpg",jpg,1385522,PENDING
"Kósa Szervezés\Cégcsoport felmérése\Személyes találkozó összefoglalók, kapott dokumentumok, képernyőképek\Bizonylatok\Extra tranzakciós díjak _ Foglaló _ Pénztári adatlap.jpg",jpg,683008,PENDING
"Kósa Szervezés\Cégcsoport felmérése\Személyes találkozó összefoglalók, kapott dokumentumok, képernyőképek\Bizonylatok\Foglaló bizonylatok.jpg",jpg,475576,PENDING
"Kósa Szervezés\Cégcsoport felmérése\Személyes találkozó összefoglalók, kapott dokumentumok, képernyőképek\Bizonylatok\Forint átvételi bizonylat.jpg",jpg,1059551,PENDING
"Kósa Szervezés\Cégcsoport felmérése\Személyes találkozó összefoglalók, kapott dokumentumok, képernyőképek\Bizonylatok\Havi zárás 2_.jpg",jpg,1713943,PENDING
"Kósa Szervezés\Cégcsoport felmérése\Személyes találkozó összefoglalók, kapott dokumentumok, képernyőképek\Bizonylatok\Havi zárás.jpg",jpg,1613686,PENDING
"Kósa Szervezés\Cégcsoport felmérése\Személyes találkozó összefoglalók, kapott dokumentumok, képernyőképek\Bizonylatok\KKTG átadás és átvétel copy.jpg",jpg,1872459,PENDING
"Kósa Szervezés\Cégcsoport felmérése\Személyes találkozó összefoglalók, kapott dokumentumok, képernyőképek\Bizonylatok\KKTG átadás és átvétel.jpg",jpg,1376714,PENDING
"Kósa Szervezés\Cégcsoport felmérése\Személyes találkozó összefoglalók, kapott dokumentumok, képernyőképek\Bizonylatok\Kezelési költség dekádzárása és Pénztári átadás.jpg",jpg,1160246,PENDING
"Kósa Szervezés\Cégcsoport felmérése\Személyes találkozó összefoglalók, kapott dokumentumok, képernyőképek\Bizonylatok\Napi zárás.jpg",jpg,1628627,PENDING
"Kósa Szervezés\Cégcsoport felmérése\Személyes találkozó összefoglalók, kapott dokumentumok, képernyőképek\Bizonylatok\Pénztár állás.jpg",jpg,3026566,PENDING
"Kósa Szervezés\Cégcsoport felmérése\Személyes találkozó összefoglalók, kapott dokumentumok, képernyőképek\Bizonylatok\Pénztári átadás 2.jpg",jpg,2940158,PENDING
"Kósa Szervezés\Cégcsoport felmérése\Személyes találkozó összefoglalók, kapott dokumentumok, képernyőképek\Bizonylatok\kktg átadás átvétel II copy.jpg",jpg,2112664,PENDING
"Kósa Szervezés\Cégcsoport felmérése\Személyes találkozó összefoglalók, kapott dokumentumok, képernyőképek\Bizonylatok\kktg átadás átvétel II.jpg",jpg,1991519,PENDING
"Kósa Szervezés\Cégcsoport felmérése\Személyes találkozó összefoglalók, kapott dokumentumok, képernyőképek\Dokumentumok\Havi forgalom Békéscsaba körzet összesen.jpg",jpg,1926307,PENDING
"Kósa Szervezés\Cégcsoport felmérése\Személyes találkozó összefoglalók, kapott dokumentumok, képernyőképek\Dokumentumok\Kezelési költség jelentés.jpg",jpg,2129693,PENDING
"Kósa Szervezés\Cégcsoport felmérése\Személyes találkozó összefoglalók, kapott dokumentumok, képernyőképek\Dokumentumok\Napi pénztár jelentés.jpg",jpg,1409556,PENDING
"Kósa Szervezés\Cégcsoport felmérése\Személyes találkozó összefoglalók, kapott dokumentumok, képernyőképek\Képernyőképek\Beállítások külön jelszóval_ Jelszó beállítások napi jelentéshez.jpg",jpg,167153,PENDING
"Kósa Szervezés\Cégcsoport felmérése\Személyes találkozó összefoglalók, kapott dokumentumok, képernyőképek\Képernyőképek\Címletezés Zárások - Cimletezés.JPG",jpg,4141057,PENDING
"Kósa Szervezés\Cégcsoport felmérése\Személyes találkozó összefoglalók, kapott dokumentumok, képernyőképek\Képernyőképek\ERB Egyedi kötés.JPG",jpg,3720835,PENDING
"Kósa Szervezés\Cégcsoport felmérése\Személyes találkozó összefoglalók, kapott dokumentumok, képernyőképek\Képernyőképek\Értéktári zárás előtti check list.JPG",jpg,4512123,PENDING
"Kósa Szervezés\Cégcsoport felmérése\Személyes találkozó összefoglalók, kapott dokumentumok, képernyőképek\Képernyőképek\Értéktári zárást ellenőrző személy adatai.JPG",jpg,2028841,PENDING
"Kósa Szervezés\Cégcsoport felmérése\Személyes találkozó összefoglalók, kapott dokumentumok, képernyőképek\Képernyőképek\Főmenü 2.JPG",jpg,2999644,PENDING
"Kósa Szervezés\Cégcsoport felmérése\Személyes találkozó összefoglalók, kapott dokumentumok, képernyőképek\Képernyőképek\Főmenü.JPG",jpg,3241469,PENDING
"Kósa Szervezés\Cégcsoport felmérése\Személyes találkozó összefoglalók, kapott dokumentumok, képernyőképek\Képernyőképek\Havi tabló.JPG",jpg,2863745,PENDING
"Kósa Szervezés\Cégcsoport felmérése\Személyes találkozó összefoglalók, kapott dokumentumok, képernyőképek\Képernyőképek\Kezelési költségek.JPG",jpg,3667710,PENDING
"Kósa Szervezés\Cégcsoport felmérése\Személyes találkozó összefoglalók, kapott dokumentumok, képernyőképek\Képernyőképek\Pénztár választása 2..JPG",jpg,2592404,PENDING
"Kósa Szervezés\Cégcsoport felmérése\Személyes találkozó összefoglalók, kapott dokumentumok, képernyőképek\Képernyőképek\Pénztár választása.JPG",jpg,2800949,PENDING
"Kósa Szervezés\Cégcsoport felmérése\Személyes találkozó összefoglalók, kapott dokumentumok, képernyőképek\nyomtató.jpg",jpg,393543,PENDING
"Cégcsoport felmérése\Személyes találkozó összefoglalók, kapott dokumentumok, képernyőképek\Hangfelvételek\Hang 002_sd.m4a",m4a,171904469,PENDING
"Cégcsoport felmérése\Személyes találkozó összefoglalók, kapott dokumentumok, képernyőképek\Hangfelvételek\Hang 003_sd.m4a",m4a,10213939,PENDING
"Cégcsoport felmérése\Személyes találkozó összefoglalók, kapott dokumentumok, képernyőképek\Hangfelvételek\Hang 004_sd.m4a",m4a,84253766,PENDING
"Cégcsoport felmérése\Személyes találkozó összefoglalók, kapott dokumentumok, képernyőképek\Hangfelvételek\Hang 005_sd.m4a",m4a,42950790,PENDING
"Kósa Szervezés\Cégcsoport felmérése\Személyes találkozó összefoglalók, kapott dokumentumok, képernyőképek\Hangfelvételek\Hang 002_sd.m4a",m4a,171904469,PENDING
"Kósa Szervezés\Cégcsoport felmérése\Személyes találkozó összefoglalók, kapott dokumentumok, képernyőképek\Hangfelvételek\Hang 003_sd.m4a",m4a,10213939,PENDING
"Kósa Szervezés\Cégcsoport felmérése\Személyes találkozó összefoglalók, kapott dokumentumok, képernyőképek\Hangfelvételek\Hang 004_sd.m4a",m4a,84253766,PENDING
"Kósa Szervezés\Cégcsoport felmérése\Személyes találkozó összefoglalók, kapott dokumentumok, képernyőképek\Hangfelvételek\Hang 005_sd.m4a",m4a,42950790,PENDING
"Cégcsoport felmérése\Személyes találkozó összefoglalók, kapott dokumentumok, képernyőképek\Dokumentumok\Expressz Ékszerház és Minibank Kft forgalom 202409 hó.ods",ods,155344,PENDING
"Kósa Szervezés\Cégcsoport felmérése\Személyes találkozó összefoglalók, kapott dokumentumok, képernyőképek\Dokumentumok\Expressz Ékszerház és Minibank Kft forgalom 202409 hó.ods",ods,155344,PENDING
Kósa Tervezés és fejlesztés\Segédanyagok Valuta\Beosztás 2024 03 hó II Szarvas.ods,ods,11454,PENDING
Kósa Tervezés és fejlesztés\Segédanyagok Valuta\7 sz Körlevél esetleges bankkártyás csalásokról.odt,odt,12285,PENDING
Kósa Tervezés és fejlesztés\Segédanyagok Valuta\9 sz Körlevél a FATF többszintű listájának változásáról 2024 02 hó.odt,odt,13628,PENDING
"Cégcsoport felmérése\Árfolyamkészítő programról\Csoport, nem kézzel állítós hanem a 0-s árfolyamlapról töltődik.png",png,1228241,PENDING
"Cégcsoport felmérése\Személyes találkozó összefoglalók, kapott dokumentumok, képernyőképek\Képernyőképek\Képernyőképek - Munkavállaló különbségek\Állampolgárság.png",png,108167,PENDING
"Cégcsoport felmérése\Személyes találkozó összefoglalók, kapott dokumentumok, képernyőképek\Képernyőképek\Képernyőképek - Munkavállaló különbségek\Bizonyítvány számok.png",png,80513,PENDING
"Cégcsoport felmérése\Személyes találkozó összefoglalók, kapott dokumentumok, képernyőképek\Képernyőképek\Képernyőképek - Munkavállaló különbségek\Felhasználónév.png",png,101193,PENDING
"Cégcsoport felmérése\Személyes találkozó összefoglalók, kapott dokumentumok, képernyőképek\Képernyőképek\Képernyőképek - Munkavállaló különbségek\Jelszó.png",png,100498,PENDING
"Cégcsoport felmérése\Személyes találkozó összefoglalók, kapott dokumentumok, képernyőképek\Képernyőképek\Képernyőképek - Munkavállaló különbségek\Kód.png",png,104758,PENDING
"Cégcsoport felmérése\Személyes találkozó összefoglalók, kapott dokumentumok, képernyőképek\Képernyőképek\Képernyőképek - Munkavállaló különbségek\Munkaügyi adatok, Fiókok, Jogosultságok.png",png,97782,PENDING
"Cégcsoport felmérése\Személyes találkozó összefoglalók, kapott dokumentumok, képernyőképek\Képernyőképek\Képernyőképek - Munkavállaló különbségek\Szabadságok, Gyerekek.png",png,89982,PENDING
"Cégcsoport felmérése\Személyes találkozó összefoglalók, kapott dokumentumok, képernyőképek\Képernyőképek\Képernyőképek - Munkavállaló különbségek\Üzemorvosi vizsgálat.png",png,124442,PENDING
"Kósa Szervezés\Cégcsoport felmérése\Árfolyamkészítő programról\Csoport, nem kézzel állítós hanem a 0-s árfolyamlapról töltődik.png",png,1228241,PENDING
"Kósa Szervezés\Cégcsoport felmérése\Személyes találkozó összefoglalók, kapott dokumentumok, képernyőképek\Képernyőképek\Képernyőképek - Munkavállaló különbségek\Állampolgárság.png",png,108167,PENDING
"Kósa Szervezés\Cégcsoport felmérése\Személyes találkozó összefoglalók, kapott dokumentumok, képernyőképek\Képernyőképek\Képernyőképek - Munkavállaló különbségek\Bizonyítvány számok.png",png,80513,PENDING
"Kósa Szervezés\Cégcsoport felmérése\Személyes találkozó összefoglalók, kapott dokumentumok, képernyőképek\Képernyőképek\Képernyőképek - Munkavállaló különbségek\Felhasználónév.png",png,101193,PENDING
"Kósa Szervezés\Cégcsoport felmérése\Személyes találkozó összefoglalók, kapott dokumentumok, képernyőképek\Képernyőképek\Képernyőképek - Munkavállaló különbségek\Jelszó.png",png,100498,PENDING
"Kósa Szervezés\Cégcsoport felmérése\Személyes találkozó összefoglalók, kapott dokumentumok, képernyőképek\Képernyőképek\Képernyőképek - Munkavállaló különbségek\Kód.png",png,104758,PENDING
"Kósa Szervezés\Cégcsoport felmérése\Személyes találkozó összefoglalók, kapott dokumentumok, képernyőképek\Képernyőképek\Képernyőképek - Munkavállaló különbségek\Munkaügyi adatok, Fiókok, Jogosultságok.png",png,97782,PENDING
"Kósa Szervezés\Cégcsoport felmérése\Személyes találkozó összefoglalók, kapott dokumentumok, képernyőképek\Képernyőképek\Képernyőképek - Munkavállaló különbségek\Szabadságok, Gyerekek.png",png,89982,PENDING
"Kósa Szervezés\Cégcsoport felmérése\Személyes találkozó összefoglalók, kapott dokumentumok, képernyőképek\Képernyőképek\Képernyőképek - Munkavállaló különbségek\Üzemorvosi vizsgálat.png",png,124442,PENDING
Kósa Tervezés és fejlesztés\Hálózati és számítógép felmérés\Szilvi - Specifikáció.png,png,47745,PENDING
"Cégcsoport felmérése\Személyes találkozó összefoglalók, kapott dokumentumok, képernyőképek\Dokumentumok\Forgalmi és készlet jelentés ZÁLOG ZM241024.txt",txt,15679,PENDING
"Kósa Szervezés\Cégcsoport felmérése\Személyes találkozó összefoglalók, kapott dokumentumok, képernyőképek\Dokumentumok\Forgalmi és készlet jelentés ZÁLOG ZM241024.txt",txt,15679,PENDING
"Cégcsoport felmérése\Személyes találkozó összefoglalók, kapott dokumentumok, képernyőképek\Dokumentumok\Áfa, kktg  2024 10 09 hó.xlsx",xlsx,236544,PENDING
"Cégcsoport felmérése\Személyes találkozó összefoglalók, kapott dokumentumok, képernyőképek\Dokumentumok\EXZ haszon pt 202409 hó.xlsx",xlsx,9728,PENDING
"Cégcsoport felmérése\Személyes találkozó összefoglalók, kapott dokumentumok, képernyőképek\Dokumentumok\Havi átadás-átvétel kimutatás.xlsx",xlsx,57508,PENDING
"Cégcsoport felmérése\Személyes találkozó összefoglalók, kapott dokumentumok, képernyőképek\Dokumentumok\Készletek 2024 09 hó.xlsx",xlsx,93184,PENDING
"Cégcsoport felmérése\Személyes találkozó összefoglalók, kapott dokumentumok, képernyőképek\Dokumentumok\Zálog kk 202409 hó.xlsx",xlsx,44544,PENDING
Delphi Licence árak.xlsx,xlsx,6722,PENDING
"Kósa Szervezés\Cégcsoport felmérése\Személyes találkozó összefoglalók, kapott dokumentumok, képernyőképek\Dokumentumok\Áfa, kktg  2024 10 09 hó.xlsx",xlsx,236544,PENDING
"Kósa Szervezés\Cégcsoport felmérése\Személyes találkozó összefoglalók, kapott dokumentumok, képernyőképek\Dokumentumok\EXZ haszon pt 202409 hó.xlsx",xlsx,9728,PENDING
"Kósa Szervezés\Cégcsoport felmérése\Személyes találkozó összefoglalók, kapott dokumentumok, képernyőképek\Dokumentumok\Havi átadás-átvétel kimutatás.xlsx",xlsx,57508,PENDING
"Kósa Szervezés\Cégcsoport felmérése\Személyes találkozó összefoglalók, kapott dokumentumok, képernyőképek\Dokumentumok\Készletek 2024 09 hó.xlsx",xlsx,93184,PENDING
"Kósa Szervezés\Cégcsoport felmérése\Személyes találkozó összefoglalók, kapott dokumentumok, képernyőképek\Dokumentumok\Zálog kk 202409 hó.xlsx",xlsx,44544,PENDING
Kósa Szervezés\Névtelen táblázat.xlsx,xlsx,4809,PENDING
Kósa Tervezés és fejlesztés\Hálózati és számítógép felmérés\!zálog (1).xlsx,xlsx,59313,PENDING
Kósa Tervezés és fejlesztés\Hálózati és számítógép felmérés\Hálózati és számítógép felmérés kimutatás.xlsx,xlsx,23651,PENDING
Kósa Tervezés és fejlesztés\Segédanyagok Valuta\ÁtaDÁS ÁTVÉTEL 2024 02 HÓ.xlsx,xlsx,67923,PENDING
Kósa Tervezés és fejlesztés\Segédanyagok Valuta\Készlet 2024 02 hó.xlsx,xlsx,87943,PENDING
Kósa Tervezés és fejlesztés\Segédanyagok Valuta\WU e ker kktg áfa 2024 02 hó.xlsx,xlsx,282734,PENDING
Kósa Tervezés és fejlesztés\Segédanyagok Valuta\forgalom 2024 02 hó.xlsx,xlsx,126050,PENDING
Szervezés\Névtelen táblázat.xlsx,xlsx,4809,PENDING
Kósa Tervezés és fejlesztés\Hálózati és számítógép felmérés\Békéscsaba-20240318T082026Z-001.zip,zip,4067651,PENDING
