modul,fo_dpr,fo_pas,pas_meret
ADATLAP,?,,0
AFATABLA,?,,0
ARFDISP,?,,0
ARFREG,?,,0
ARFTMK,?,,0
ARFVALT,DLL\ARFVALT\MAKEDLL\Arfvalt.dpr,DLL\ARFVALT\MAKEDLL\Unit2.pas,8026
ATADOLAP,DLL\ATADOLAP\MAKEDLL\Atadolap.dpr,DLL\ATADOLAP\MAKEDLL\unit2.pas,64218
ATADVET,DLL\ATADVET\MAKEDLL\Atadvet.dpr,DLL\ATADVET\MAKEDLL\Unit2.pas,138378
BIGARFVALT,DLL\BIGARFVALT\MAKEDLL\BigArfValt.dpr,DLL\BIGARFVALT\MAKEDLL\Unit2.pas,11291
BIGCTRL,DLL\BIGCTRL\MAKEDLL\Bigctrl.dpr,DLL\BIGCTRL\MAKEDLL\Unit2.pas,45715
BIZODISP,DLL\BIZODISP\MAKEDLL\Bizodisp.dpr,DLL\BIZODISP\MAKEDLL\Unit2.pas,47582
BLOKNYOM,DLL\BLOKNYOM\MAKEDLL\Bloknyom.dpr,DLL\BLOKNYOM\MAKEDLL\Unit2.pas,58482
CHECKLST,DLL\CHECKLST\MAKEDLL\Checklst.dpr,DLL\CHECKLST\MAKEDLL\Unit2.pas,14188
CIMLCTRL,DLL\CIMLCTRL\MAKEDLL\CimlCtrl.dpr,DLL\CIMLCTRL\MAKEDLL\Unit2.pas,12016
CIMLET,DLL\CIMLET\MAKEDLL\Cimlet.dpr,DLL\CIMLET\MAKEDLL\Unit2.pas,33440
CIMLMENU,DLL\CIMLMENU\MAKEDLL\CIMLMENU.DPR,DLL\CIMLMENU\MAKEDLL\Unit2.pas,6333
CIMLNYOM,DLL\CIMLNYOM\MAKEDLL\CimlNyom.dpr,DLL\CIMLNYOM\MAKEDLL\Unit2.pas,19719
CIMSETUP,DLL\CIMSETUP\MAKEDLL\Cimsetup.dpr,DLL\CIMSETUP\MAKEDLL\Unit2.pas,29279
CONFIDEN,DLL\CONFIDEN\MAKEDLL\Confi.dpr,DLL\CONFIDEN\MAKEDLL\Unit2.pas,7760
CONFIRM,DLL\CONFIRM\MAKEDLL\confirm.dpr,DLL\CONFIRM\MAKEDLL\Unit2.pas,3234
COPY2FTP,DLL\COPY2FTP\MAKEDLL\COPY2FTP.DPR,DLL\COPY2FTP\MAKEDLL\Unit2.pas,2865
DEKRUTIN,DLL\DEKRUTIN\MAKEDLL\dekad.dpr,DLL\DEKRUTIN\MAKEDLL\Unit2.pas,33845
DOCDISP,DLL\DOCDISP\MAKEDLL\Docdisp.dpr,DLL\DOCDISP\MAKEDLL\Unit2.pas,6299
ELADAS,DLL\ELADAS\MAKEDLL\Eladas.dpr,DLL\ELADAS\MAKEDLL\Unit2.pas,136912
ESTIZAR,DLL\ESTIZAR\MAKEDLL\Estizar.dpr,DLL\ESTIZAR\MAKEDLL\Unit2.pas,93370
EUAKCIO,DLL\EUAKCIO\MAKEDLL\EusAkcio.dpr,DLL\EUAKCIO\MAKEDLL\Unit2.pas,1411
FIRSTCTRL,DLL\FIRSTCTRL\MAKEDLL\FirstCtrl.dpr,DLL\FIRSTCTRL\MAKEDLL\Unit2.pas,7371
FNYUJSAG,DLL\FNYUJSAG\ALAP\MAKEDLL\Fnyujsag.dpr,DLL\FNYUJSAG\UJTIPUS\MAKEDLL\Unit2.pas,17913
FOGLALO,DLL\FOGLALO\MAKEDLL\foglalo.dpr,DLL\FOGLALO\MAKEDLL\Unit2.pas,83242
FOGLREND,DLL\FOGLREND\MAKEDLL\foglrend.dpr,DLL\FOGLREND\MAKEDLL\Unit3.pas,21050
FORGOSSZ,DLL\FORGOSSZ\MAKEDLL\Forgossz.dpr,DLL\FORGOSSZ\MAKEDLL\Unit2.pas,15724
GEPSETUP,DLL\GEPSETUP\MAKEDLL\GEPSETUP.DPR,DLL\GEPSETUP\MAKEDLL\Unit2.pas,56875
GETARF,DLL\GETARF\MAKEDLL\Getarf.dpr,DLL\GETARF\MAKEDLL\Unit2.pas,33706
GETENGED,DLL\GETENGED\MAKEDLL\getenged.dpr,DLL\GETENGED\MAKEDLL\Unit2.pas,10402
GETFIZE,DLL\GETFIZE\MAKEDLL\Getfize.dpr,DLL\GETFIZE\MAKEDLL\Unit2.pas,3619
GETISO,DLL\GETISO\MAKEDLL\GETISO.DPR,DLL\GETISO\MAKEDLL\Unit2.pas,6719
GETNYUGT,DLL\GETNYUGT\MAKEDLL\Getnyug.dpr,DLL\GETNYUGT\MAKEDLL\Unit2.pas,5723
GETPLOMB,DLL\GETPLOMB\MAKEDLL\Getplomb.dpr,DLL\GETPLOMB\MAKEDLL\Unit2.pas,7105
GETPTAR,DLL\GETPTAR\MAKEDLL\GetPTar.dpr,DLL\GETPTAR\MAKEDLL\Unit2.pas,11641
GETSTATUS,DLL\GETSTATUS\MAKEDLL\GETSTAT.DPR,DLL\GETSTATUS\MAKEDLL\Unit2.pas,8978
GETWCEG,DLL\GETWCEG\MAKEDLL\Getwceg.dpr,DLL\GETWCEG\MAKEDLL\Unit2.pas,11694
GETWUGYF,DLL\GETWUGYF\MAKEDLL\Getwugyf.dpr,DLL\GETWUGYF\MAKEDLL\Unit2.pas,18499
GONGBACK,DLL\GONGBACK\MAKEDLL\GongBack.dpr,DLL\GONGBACK\MAKEDLL\Unit2.pas,5440
HAVIZAR,DLL\HAVIZAR\MAKEDLL\Havizar.dpr,DLL\HAVIZAR\MAKEDLL\Unit2.pas,57829
HRKATADO,DLL\HRKATADO\MAKEDLL\Hrksend.dpr,DLL\HRKATADO\MAKEDLL\Unit2.pas,29399
HRKZARO,DLL\HRKZARO\MAKEDLL\hrkzaro.dpr,DLL\HRKZARO\MAKEDLL\Unit2.pas,29088
IDOSZAK,DLL\IDOSZAK\MAKEDLL\Idoszak.dpr,DLL\IDOSZAK\MAKEDLL\Unit2.pas,8227
KCIMLET,DLL\KCIMLET\MAKEDLL\Kcimlet.dpr,DLL\KCIMLET\MAKEDLL\Unit2.pas,22051
KELLCIM,DLL\KELLCIM\MAKEDLL\KELLCIM.DPR,DLL\KELLCIM\MAKEDLL\Unit2.pas,1390
KESZEDIT,DLL\KESZEDIT\MAKEDLL\Keszedit.dpr,DLL\KESZEDIT\MAKEDLL\Unit2.pas,35254
KESZUP,DLL\KESZUP\MAKEDLL\KESZUP.DPR,DLL\KESZUP\MAKEDLL\Unit2.pas,21108
KEZDEKAD,DLL\KEZDEKAD\MAKEDLL\kezdek.dpr,DLL\KEZDEKAD\MAKEDLL\Unit2.pas,23997
KEZDIJ,DLL\KEZDIJ\MAKEDLL\KEZDIJ.DPR,DLL\KEZDIJ\MAKEDLL\Unit2.pas,31445
KEZDKEDV,DLL\KEZDKEDV\MAKEDLL\KEZDKEDV.DPR,DLL\KEZDKEDV\MAKEDLL\Unit2.pas,9710
KISARFVALT,DLL\KISARFVALT\MAKEDLL\Kisarfvalt.dpr,DLL\KISARFVALT\MAKEDLL\Unit2.pas,43498
KISCIMLET,DLL\KISCIMLET\MAKEDLL\Kiscim.dpr,DLL\KISCIMLET\MAKEDLL\Unit2.pas,27536
KISUGYFEL,DLL\KISUGYFEL\MAKEDLL\KISUGYFEL.DPR,DLL\KISUGYFEL\MAKEDLL\Unit2.pas,29465
KORLEV,DLL\KORLEV\MAKEDLL\korlev.dpr,DLL\KORLEV\MAKEDLL\Unit2.pas,26974
LISTAK,DLL\LISTAK\MAKEDLL\Listak.dpr,DLL\LISTAK\MAKEDLL\Unit2.pas,48106
LOGDISP,DLL\LOGDISP\MAKEDLL\Logdisp.dpr,DLL\LOGDISP\MAKEDLL\Unit2.pas,5228
LOGIRO,DLL\LOGIRO\MAKEDLL\Logiro.dpr,DLL\LOGIRO\MAKEDLL\Unit2.pas,2756
MAIFORG,DLL\MAIFORG\MAKEDLL\Maiforg.dpr,DLL\MAIFORG\MAKEDLL\Unit2.pas,11755
MAKTABLAK,DLL\MAKTABLAK\MAKEDLL\MAKTABLA.DPR,DLL\MAKTABLAK\MAKEDLL\Unit2.pas,22324
MATPTAR,DLL\MATPTAR\MAKEDLL\Matptar.dpr,DLL\MATPTAR\MAKEDLL\Unit2.pas,25236
MATREGEN,DLL\MATREGEN\MAKEDLL\MATREGEN.DPR,DLL\MATREGEN\MAKEDLL\Unit2.pas,15104
MENTES,DLL\MENTES\MAKEDLL\MENTES.DPR,DLL\MENTES\MAKEDLL\Unit2.pas,4125
METRO,DLL\METRO\MAKEDLL\Metro.dpr,DLL\METRO\MAKEDLL\Unit2.pas,74569
NAPIFORG,DLL\NAPIFORG\MAKEDLL\Napiforg.dpr,DLL\NAPIFORG\MAKEDLL\Unit2.pas,21402
NAPIJEL,DLL\NAPIJEL\MAKEDLL\NAPIJEL.DPR,DLL\NAPIJEL\MAKEDLL\Unit2.pas,44103
NAPIKEZD,DLL\NAPIKEZD\MAKEDLL\napikezd.dpr,DLL\NAPIKEZD\MAKEDLL\Unit2.pas,29891
NAPKONYV,DLL\NAPKONYV\MAKEDLL\napkonyv.dpr,DLL\NAPKONYV\MAKEDLL\Unit2.pas,33147
NAPZAR,DLL\NAPZAR\MAKEDLL\Napzar.dpr,DLL\NAPZAR\MAKEDLL\Unit2.pas,44801
NAVZARO,DLL\NAVZARO\MAKEDLL\Navzaro.dpr,DLL\NAVZARO\MAKEDLL\Unit2.pas,25186
NZNYOMT,DLL\NZNYOMT\MAKEDLL\NzNyomt.dpr,DLL\NZNYOMT\MAKEDLL\Unit2.pas,54157
OTHERTSK,DLL\OTHERTSK\MAKEDLL\Othertsk.dpr,DLL\OTHERTSK\MAKEDLL\Unit2.pas,42156
OTP,DLL\OTP\MAKEDLL\otp.dpr,DLL\OTP\MAKEDLL\Unit2.pas,60277
OTPLOG,DLL\OTPLOG\MAKEDLL\otplog.dpr,DLL\OTPLOG\MAKEDLL\Unit2.pas,4812
PAUSDISP,DLL\PAUSDISP\MAKEDDLL\PausDisp.dpr,DLL\PAUSDISP\MAKEDDLL\Unit2.pas,6852
PILLALL,DLL\PILLALL\MAKEDLL\PILLALL.DPR,DLL\PILLALL\MAKEDLL\Unit2.pas,13365
PILLKESZ,DLL\PILLKESZ\MAKEDLL\PILLKESZ.DPR,DLL\PILLKESZ\MAKEDLL\Unit2.pas,65665
PROCEND,DLL\PROCEND\MAKEDLL\Procend.dpr,DLL\PROCEND\MAKEDLL\Unit2.pas,2832
PROSBE,DLL\PROSBE\MAKEDLL\Prosbe.dpr,DLL\PROSBE\MAKEDLL\Unit2.pas,20675
PROSKI,DLL\PROSKI\MAKEDLL\Proski.dpr,DLL\PROSKI\MAKEDLL\Unit2.pas,2584
PROSTMK,DLL\PROSTMK\MAKEDLL\Prostmk.dpr,DLL\PROSTMK\MAKEDLL\Unit2.pas,21648
PTARKESZ,DLL\PTARKESZ\MAKEDLL\AKTKESZ.DPR,DLL\PTARKESZ\MAKEDLL\Unit2.pas,7165
PTARTMK,DLL\PTARTMK\MAKEDLL\ptartmk.dpr,DLL\PTARTMK\MAKEDLL\Unit2.pas,15650
QRDEPUTY,DLL\QRDEPUTY\MAKEDLL\QRGENER.DPR,DLL\QRDEPUTY\MAKEDLL\Unit2.pas,25081
QRGENER,DLL\QRGENER\MAKEDLL\QRGENER.DPR,DLL\QRGENER\MAKEDLL\Unit2.pas,21732
QUITFORM,DLL\QUITFORM\MAKEDLL\QUITFORM.DPR,DLL\QUITFORM\MAKEDLL\Unit2.pas,10929
REGEN,DLL\REGEN\MAKEDLL\REGEN.DPR,DLL\REGEN\MAKEDLL\Unit2.pas,38865
REGIZARO,DLL\REGIZARO\MAKEDLL\REGIZARO.DPR,DLL\REGIZARO\MAKEDLL\Unit2.pas,5934
SCANNING,DLL\SCANNING\MAKEDLL\SCANNING.DPR,DLL\SCANNING\MAKEDLL\Unit2.pas,7162
SENDOKMANY,DLL\SENDOKMANY\MAKEDLL\SENDOKMANY.DPR,DLL\SENDOKMANY\MAKEDLL\Unit2.pas,11423
SETRATE,DLL\SETRATE\MAKEDLL\Setrate.dpr,DLL\SETRATE\MAKEDLL\Unit2.pas,4576
STORNO,DLL\STORNO\MAKEDLL\Storno.dpr,DLL\STORNO\MAKEDLL\Unit2.pas,36193
SUPER,DLL\SUPER\MAKEDLL\SUPER.DPR,DLL\SUPER\MAKEDLL\Unit2.pas,4650
SUPERTSK,DLL\SUPERTSK\MAKEDLL\SUPERTSK.DPR,DLL\SUPERTSK\MAKEDLL\Unit2.pas,10525
TEAOR,DLL\TEAOR\MAKEDLL\teaorsel.dpr,DLL\TEAOR\MAKEDLL\Unit2.pas,5198
TERMINAL,DLL\TERMINAL\MAKEDLL\Terminal.dpr,DLL\TERMINAL\MAKEDLL\Unit2.pas,3136
TERROR,DLL\TERROR\MAKEDLL\terrlist.dpr,DLL\TERROR\MAKEDLL\Unit2.pas,8210
TESCO,DLL\TESCO\MAKEDLL\Tesco.dpr,DLL\TESCO\MAKEDLL\Unit2.pas,55956
UGYFEL,DLL\UGYFEL\MAKEDLL\Ugyfel.dpr,DLL\UGYFEL\MAKEDLL\Unit2.pas,113608
UGYFELTMK,DLL\UGYFELTMK\MAKEDLL\UGYFTMK.DPR,DLL\UGYFELTMK\WUNION\MAKEDLL\Unit2.pas,91596
UJSCANNER,DLL\UJSCANNER\MAKEDLL\scanner.dpr,DLL\UJSCANNER\MAKEDLL\Unit2.pas,13792
VASARLAS,DLL\VASARLAS\MAKEDLL\Vasarlas.dpr,DLL\VASARLAS\MAKEDLL\Unit2.pas,104254
VERZFRIS,DLL\VERZFRIS\MAKEDLL\verzfris.dpr,DLL\VERZFRIS\MAKEDLL\Unit2.pas,34587
WUNION,DLL\WUNION\MAKEDLL\Wunion.dpr,DLL\WUNION\MAKEDLL\Unit2.pas,91366
XTRANZ,DLL\XTRANZ\MAKEDLL\Xtranz.dpr,DLL\XTRANZ\MAKEDLL\Unit2.pas,9380
_BASEDLL,?,DLL\_BASEDLL\Unit1.pas,647
